--
-- PostgreSQL database dump
--

-- Dumped from database version 15.4
-- Dumped by pg_dump version 15.4

SET statement_timeout = 0;
SET lock_timeout = 0;
SET idle_in_transaction_session_timeout = 0;
SET client_encoding = 'UTF8';
SET standard_conforming_strings = on;
SELECT pg_catalog.set_config('search_path', '', false);
SET check_function_bodies = false;
SET xmloption = content;
SET client_min_messages = warning;
SET row_security = off;

--
-- Name: acostarep; Type: SCHEMA; Schema: -; Owner: cristian
--

CREATE SCHEMA IF NOT EXISTS acostarep;


ALTER SCHEMA acostarep OWNER TO cristian;

--
-- Name: set_current_timestamp_updated_at(); Type: FUNCTION; Schema: acostarep; Owner: cristian
--

CREATE FUNCTION acostarep.set_current_timestamp_updated_at() RETURNS trigger
    LANGUAGE plpgsql
    AS $$
DECLARE
  _new record;
BEGIN
  _new := NEW;
  _new."updated_at" = NOW();
  RETURN _new;
END;
$$;


ALTER FUNCTION acostarep.set_current_timestamp_updated_at() OWNER TO cristian;

--
-- Name: categorias_id_seq; Type: SEQUENCE; Schema: public; Owner: cristian
--

CREATE SEQUENCE public.categorias_id_seq
    START WITH 1
    INCREMENT BY 1
    NO MINVALUE
    MAXVALUE 2147483647
    CACHE 1;


ALTER TABLE public.categorias_id_seq OWNER TO cristian;

SET default_tablespace = '';

SET default_table_access_method = heap;

--
-- Name: categorias; Type: TABLE; Schema: acostarep; Owner: cristian
--

CREATE TABLE acostarep.categorias (
    id integer DEFAULT nextval('public.categorias_id_seq'::regclass) NOT NULL,
    nombre_categoria character varying NOT NULL,
    descripcion_categoria character varying,
    is_active_categoria boolean DEFAULT true
);


ALTER TABLE acostarep.categorias OWNER TO cristian;

--
-- Name: TABLE categorias; Type: COMMENT; Schema: acostarep; Owner: cristian
--

COMMENT ON TABLE acostarep.categorias IS 'categorias';


--
-- Name: cliente; Type: TABLE; Schema: acostarep; Owner: cristian
--

CREATE TABLE acostarep.cliente (
    id integer NOT NULL,
    name character varying NOT NULL,
    last_name character varying,
    email character varying,
    direccion character varying,
    telefono character varying,
    empresa character varying,
    activo_cliente boolean DEFAULT true
);


ALTER TABLE acostarep.cliente OWNER TO cristian;

--
-- Name: TABLE cliente; Type: COMMENT; Schema: acostarep; Owner: cristian
--

COMMENT ON TABLE acostarep.cliente IS 'cliente';


--
-- Name: cliente_id_seq; Type: SEQUENCE; Schema: acostarep; Owner: cristian
--

CREATE SEQUENCE acostarep.cliente_id_seq
    AS integer
    START WITH 1
    INCREMENT BY 1
    NO MINVALUE
    NO MAXVALUE
    CACHE 1;


ALTER TABLE acostarep.cliente_id_seq OWNER TO cristian;

--
-- Name: cliente_id_seq; Type: SEQUENCE OWNED BY; Schema: acostarep; Owner: cristian
--

ALTER SEQUENCE acostarep.cliente_id_seq OWNED BY acostarep.cliente.id;


--
-- Name: marcas_id_seq; Type: SEQUENCE; Schema: public; Owner: cristian
--

CREATE SEQUENCE public.marcas_id_seq
    START WITH 1
    INCREMENT BY 1
    NO MINVALUE
    MAXVALUE 2147483647
    CACHE 1;


ALTER TABLE public.marcas_id_seq OWNER TO cristian;

--
-- Name: marcas; Type: TABLE; Schema: acostarep; Owner: cristian
--

CREATE TABLE acostarep.marcas (
    id integer DEFAULT nextval('public.marcas_id_seq'::regclass) NOT NULL,
    nombre_marca character varying NOT NULL,
    descripcion_marca character varying,
    is_active_marca boolean DEFAULT true
);


ALTER TABLE acostarep.marcas OWNER TO cristian;

--
-- Name: TABLE marcas; Type: COMMENT; Schema: acostarep; Owner: cristian
--

COMMENT ON TABLE acostarep.marcas IS 'marcas';


--
-- Name: ordenes_id_seq; Type: SEQUENCE; Schema: public; Owner: cristian
--

CREATE SEQUENCE public.ordenes_id_seq
    START WITH 1
    INCREMENT BY 1
    NO MINVALUE
    MAXVALUE 2147483647
    CACHE 1;


ALTER TABLE public.ordenes_id_seq OWNER TO cristian;

--
-- Name: ordenes; Type: TABLE; Schema: acostarep; Owner: cristian
--

CREATE TABLE acostarep.ordenes (
    id integer DEFAULT nextval('public.ordenes_id_seq'::regclass) NOT NULL,
    is_active_orden boolean DEFAULT true NOT NULL,
    metodo_pago_id integer NOT NULL,
    tipo_distribucion_id integer NOT NULL,
    total_orden double precision NOT NULL,
    status_id integer NOT NULL,
    tipo_orden_id integer NOT NULL,
    cliente_id integer NOT NULL,
    observaciones_orden character varying,
    cede text
);


ALTER TABLE acostarep.ordenes OWNER TO cristian;

--
-- Name: TABLE ordenes; Type: COMMENT; Schema: acostarep; Owner: cristian
--

COMMENT ON TABLE acostarep.ordenes IS 'ordenes';


--
-- Name: productos_id_seq; Type: SEQUENCE; Schema: public; Owner: cristian
--

CREATE SEQUENCE public.productos_id_seq
    START WITH 1
    INCREMENT BY 1
    NO MINVALUE
    MAXVALUE 2147483647
    CACHE 1;


ALTER TABLE public.productos_id_seq OWNER TO cristian;

--
-- Name: productos; Type: TABLE; Schema: acostarep; Owner: cristian
--

CREATE TABLE acostarep.productos (
    nombre_producto character varying NOT NULL,
    id integer DEFAULT nextval('public.productos_id_seq'::regclass) NOT NULL,
    upc character varying NOT NULL,
    id_marca integer NOT NULL,
    id_categoria integer NOT NULL,
    foto character varying NOT NULL,
    precio_taller double precision NOT NULL,
    precio_mayoreo double precision NOT NULL,
    precio_publico double precision NOT NULL,
    stock_prod_sta_ana double precision DEFAULT '0'::double precision,
    stock_prod_metapan double precision DEFAULT '0'::double precision,
    uom_id integer,
    is_active_producto boolean DEFAULT true NOT NULL,
    created_at timestamp with time zone DEFAULT now() NOT NULL,
    updated_at timestamp with time zone DEFAULT now() NOT NULL,
    created_by text DEFAULT 'Jhon Doe'::text NOT NULL,
    updated_by text DEFAULT 'Jhon Doe'::text NOT NULL
);


ALTER TABLE acostarep.productos OWNER TO cristian;

--
-- Name: TABLE productos; Type: COMMENT; Schema: acostarep; Owner: cristian
--

COMMENT ON TABLE acostarep.productos IS 'productos';


--
-- Name: productos_orden; Type: TABLE; Schema: acostarep; Owner: cristian
--

CREATE TABLE acostarep.productos_orden (
    id integer NOT NULL,
    id_orden integer NOT NULL,
    id_producto integer NOT NULL,
    cantidad double precision NOT NULL,
    precio double precision NOT NULL,
    descuento double precision,
    sub_total double precision NOT NULL
);


ALTER TABLE acostarep.productos_orden OWNER TO cristian;

--
-- Name: TABLE productos_orden; Type: COMMENT; Schema: acostarep; Owner: cristian
--

COMMENT ON TABLE acostarep.productos_orden IS 'productos_orden';


--
-- Name: productos_orden_id_seq; Type: SEQUENCE; Schema: acostarep; Owner: cristian
--

CREATE SEQUENCE acostarep.productos_orden_id_seq
    AS integer
    START WITH 1
    INCREMENT BY 1
    NO MINVALUE
    NO MAXVALUE
    CACHE 1;


ALTER TABLE acostarep.productos_orden_id_seq OWNER TO cristian;

--
-- Name: productos_orden_id_seq; Type: SEQUENCE OWNED BY; Schema: acostarep; Owner: cristian
--

ALTER SEQUENCE acostarep.productos_orden_id_seq OWNED BY acostarep.productos_orden.id;


--
-- Name: types; Type: TABLE; Schema: acostarep; Owner: cristian
--

CREATE TABLE acostarep.types (
    code character varying,
    id integer NOT NULL,
    name character varying,
    combo_objeto character varying NOT NULL,
    is_active boolean DEFAULT true NOT NULL
);


ALTER TABLE acostarep.types OWNER TO cristian;

--
-- Name: TABLE types; Type: COMMENT; Schema: acostarep; Owner: cristian
--

COMMENT ON TABLE acostarep.types IS 'types';


--
-- Name: types_id_seq; Type: SEQUENCE; Schema: acostarep; Owner: cristian
--

CREATE SEQUENCE acostarep.types_id_seq
    AS integer
    START WITH 1
    INCREMENT BY 1
    NO MINVALUE
    NO MAXVALUE
    CACHE 1;


ALTER TABLE acostarep.types_id_seq OWNER TO cristian;

--
-- Name: types_id_seq; Type: SEQUENCE OWNED BY; Schema: acostarep; Owner: cristian
--

ALTER SEQUENCE acostarep.types_id_seq OWNED BY acostarep.types.id;


--
-- Name: cliente id; Type: DEFAULT; Schema: acostarep; Owner: cristian
--

ALTER TABLE ONLY acostarep.cliente ALTER COLUMN id SET DEFAULT nextval('acostarep.cliente_id_seq'::regclass);


--
-- Name: productos_orden id; Type: DEFAULT; Schema: acostarep; Owner: cristian
--

ALTER TABLE ONLY acostarep.productos_orden ALTER COLUMN id SET DEFAULT nextval('acostarep.productos_orden_id_seq'::regclass);


--
-- Name: types id; Type: DEFAULT; Schema: acostarep; Owner: cristian
--

ALTER TABLE ONLY acostarep.types ALTER COLUMN id SET DEFAULT nextval('acostarep.types_id_seq'::regclass);


--
-- Data for Name: categorias; Type: TABLE DATA; Schema: acostarep; Owner: cristian
--

COPY acostarep.categorias (id, nombre_categoria, descripcion_categoria, is_active_categoria) FROM stdin;
1	CASCOS	Se listan todos los cascos	t
2	LUBRICANTES	Para todo tipos de motor	t
3	LLANTAS	Aqui estan todas las llantas	t
4	BALANCIN	elemento de máquina que transmite movimiento de un elemento a otro de un mecanismo, pivotando en un eje intermedio a su longitud como palanca de primer grado.	t
5	BARRA DE SUSPENSIÓN	Para motos, minimisa el golpe a componentes fundamentales	t
6	MEDICINA		t
7	VARILLA DE EMPUJE		t
8	MOTOR DE ARRANQUE		t
9	CARATULA		t
11	CIGUEÑALES		t
12	CILINDROS		t
13	CLUTCH		t
14	CULATA		t
15	CUNAS		t
16	DISCO DE CLUTC		t
17	DISCO DE FRENO		t
18	DESLIZADOR DE CADENA		t
19	EMPAQUE DE ESCAPE		t
20	ESPEJOS		t
21	EJE DE TIJERA		t
22	ESTRIBOS		t
23	FLASHER DE VIA		t
24	FLOTADOR DE TANQUE		t
25	FAJA DE TRANSMISION		t
26	FILTROS		t
27	GUARDAFANGO		t
28	GUIA DE CADENILLA		t
29	HULES DE CATARINA		t
30	LLAVIN		t
31	LODERA TRACERA		t
32	LUCES/FAROLES		t
33	MANDO		t
34	MANECILLAS		t
35	MANGUILLOS		t
36	MANIFULL		t
37	MANUBRIO		t
38	MORDAZA		t
39	MONOSHOCK		t
40	PASTILLAS		t
41	PATAS		t
42	PORTA FRICCION		t
43	PORTA CATARINA		t
44	PIÑONES		t
45	PRICIONERO		t
46	POLVERA DE BARRA		t
47	REGULADOR DE CADENILLA		t
48	REGULADOR DE CORRIENTE		t
49	REGULADORES O TENSORES		t
50	RELAY		t
51	REPUESTOS ELECTRICOS		t
52	TABLEROS		t
53	TANQUE		t
54	TAPON DE TANQUE		t
55	TRACCION		t
56	TRANSMISION		t
58	VALVULAS		t
59	CELLO DE VALVULA		t
60	TOLBAS		t
61	TAPADERA DE MAGNETO		t
62	AROS		t
63	ASIENTO		t
65	AMPOLLETAS DE FRENO Y VELOCIDAD		t
66	ARBOL DE LEVAS		t
67	BALERO		t
68	BALINERAS		t
69	BANDA DE FRENO		t
70	BIELAS		t
71	BOBINA		t
72	BOCINA		t
73	BOMBAS		t
74	CABLES		t
75	BOBINA DE ALTA		t
76	BOMBA DE FRENO TRACERO		t
77	BUSHING DE CATARINA		t
78	CADENAS		t
79	CADENILLA(TIEMPO)		t
80	CAPUCHON DE BUJIA		t
81	CATARINA		t
82	CARATULA COMPLETA		t
83	CARBURADORES		t
84	CDI		t
85	CELLO DE BARRA		t
10	CELLO DE MOTOR		t
57	VALVULA DE ADMISION Y ESCAPE	Las válvulas de admisión y escape son componentes clave en el motor de un vehículo. La válvula de admisión permite que la mezcla de aire y combustible entre en la cámara de combustión, mientras que la válvula de escape permite que los gases de escape salgan. Su apertura y cierre sincronizado es fundamental para el funcionamiento del motor.	t
64	AMORTIGUADORES		t
\.


--
-- Data for Name: cliente; Type: TABLE DATA; Schema: acostarep; Owner: cristian
--

COPY acostarep.cliente (id, name, last_name, email, direccion, telefono, empresa, activo_cliente) FROM stdin;
\.


--
-- Data for Name: marcas; Type: TABLE DATA; Schema: acostarep; Owner: cristian
--

COPY acostarep.marcas (id, nombre_marca, descripcion_marca, is_active_marca) FROM stdin;
2	VICK	Farmaceutica 	t
4	MOTUL	Generalmente vende productos de mantenimineto de motos.	t
6	HONDA	Empresa de origen japonés/americano que fabrica motos y repuestos	t
3	NIVEA	Se enfoca en productos para la piel	t
1	YOG	Marca principal	t
5	BMW	Las piezas de esta marca son únicas.	t
\.


--
-- Data for Name: ordenes; Type: TABLE DATA; Schema: acostarep; Owner: cristian
--

COPY acostarep.ordenes (id, is_active_orden, metodo_pago_id, tipo_distribucion_id, total_orden, status_id, tipo_orden_id, cliente_id, observaciones_orden, cede) FROM stdin;
\.


--
-- Data for Name: productos; Type: TABLE DATA; Schema: acostarep; Owner: cristian
--

COPY acostarep.productos (nombre_producto, id, upc, id_marca, id_categoria, foto, precio_taller, precio_mayoreo, precio_publico, stock_prod_sta_ana, stock_prod_metapan, uom_id, is_active_producto, created_at, updated_at, created_by, updated_by) FROM stdin;
VapoRub	78	7590002012468	2	6	vaporub-1692682361721.webp	1.5	1	2	7	9998	\N	t	2023-09-15 01:12:18.95805+00	2023-09-15 01:12:47.312317+00	Jhon Doe	Jhon Doe
Crema corporal	79	4005808680252	3	6	crema_corporal-1692682361733.webp	6	5	7	97	10000	\N	t	2023-09-15 01:12:18.95805+00	2023-09-15 01:12:47.312317+00	Jhon Doe	Jhon Doe
Placas Raid	80	7501032925772	2	6	placas_raid-1692682361738.webp	2.15	2	2.25	99998	10000	\N	t	2023-09-15 01:12:18.95805+00	2023-09-15 01:12:47.312317+00	Jhon Doe	Jhon Doe
SET VARILLA DE EMPUJE CG 125 P001878	81	P001878	1	7	set_varilla_de_empuje_cg_125_p001878-1692682361742.png	1.99	2.49	3.32	100000	10000	\N	t	2023-09-15 01:12:18.95805+00	2023-09-15 01:12:47.312317+00	Jhon Doe	Jhon Doe
SET VARILLA DE EMPUJE CG 200 P001882	82	P001882	1	7	set_varilla_de_empuje_cg_200_p001882-1692682361744.png	19.93	2.49	3.32	100000	10000	\N	t	2023-09-15 01:12:18.95805+00	2023-09-15 01:12:47.312317+00	Jhon Doe	Jhon Doe
MOTOR DE ARRANQUE GL 125 P007536	83	P007536	1	8	motor_de_arranque_gl_125_p007536-1692682361747.png	18.45	23.06	30.75	100000	10000	\N	t	2023-09-15 01:12:18.95805+00	2023-09-15 01:12:47.312317+00	Jhon Doe	Jhon Doe
CABLE DE CLUTCH FZ 16 P004304	84	P004304	1	9	cable_de_clutch_fz_16_p004304-1692682361749.png	1.85	2.31	4.61	100000	10000	\N	t	2023-09-15 01:12:18.95805+00	2023-09-15 01:12:47.312317+00	Jhon Doe	Jhon Doe
KIT CELLO DE MOTOR CG 150 P009069	85	P009069	1	10	kit_cello_de_motor_cg_150_p009069-1692682361752.jpeg	2.67	3.33	5.13	100000	10000	\N	t	2023-09-15 01:12:18.95805+00	2023-09-15 01:12:47.312317+00	Jhon Doe	Jhon Doe
KIT CELLO DE MOTOR INVICTA P016251	86	P016251	1	10	kit_cello_de_motor_invicta_p016251-1692682361755.jpeg	2.67	3.33	5.13	100000	10000	\N	t	2023-09-15 01:12:18.95805+00	2023-09-15 01:12:47.312317+00	Jhon Doe	Jhon Doe
CIGUEÑAL CG 125/150 P008494	87	P008494	1	11	150_p008494-1692682361759.jpeg	41.33	51.66	68.88	100000	10000	\N	t	2023-09-15 01:12:18.95805+00	2023-09-15 01:12:47.312317+00	Jhon Doe	Jhon Doe
CIGUEÑAL CG 200 P008495	88	P008495	1	11	ciguenal_cg_200_p008495-1692682361762.jpeg	46.13	57.66	76.88	100000	10000	\N	t	2023-09-15 01:12:18.95805+00	2023-09-15 01:12:47.312317+00	Jhon Doe	Jhon Doe
CIGUEÑAL YBR 125 P009539	89	P009539	1	11	ciguenal_ybr_125_p009539-1692682361765.jpeg	46.13	57.66	76.88	100000	10000	\N	t	2023-09-15 01:12:18.95805+00	2023-09-15 01:12:47.312317+00	Jhon Doe	Jhon Doe
CIGUEÑAL XM 200 /CONTRA BALANCIADO/DSR P008446	90	P008446	1	11	dsr_p008446-1692682361767.jpeg	52.86	66.07	88.1	100000	10000	\N	t	2023-09-15 01:12:18.95805+00	2023-09-15 01:12:47.312317+00	Jhon Doe	Jhon Doe
CILINDRO GLAMOUR 125 S001541	91	S001541	1	11	cilindro_glamour_125_s001541-1692682361770.jpeg	80.53	100.75	134.22	100000	10000	\N	t	2023-09-15 01:12:18.95805+00	2023-09-15 01:12:47.312317+00	Jhon Doe	Jhon Doe
CILINDRO CG 125 S000562	92	S000562	1	12	cilindro_cg_125_s000562-1692682361772.jpeg	27.68	34.59	46.13	100000	10000	\N	t	2023-09-15 01:12:18.95805+00	2023-09-15 01:12:47.312317+00	Jhon Doe	Jhon Doe
CILINDRO COMPLETO WS 110 S000564	93	S000564	1	12	cilindro_completo_ws_110_s000564-1692682361774.jpeg	52.28	65.34	87.13	100000	10000	\N	t	2023-09-15 01:12:18.95805+00	2023-09-15 01:12:47.312317+00	Jhon Doe	Jhon Doe
CILINDRO XL 125 S000581	94	S000581	1	12	cilindro_xl_125_s000581-1692682361776.jpeg	36.29	45.36	60.48	100000	10000	\N	t	2023-09-15 01:12:18.95805+00	2023-09-15 01:12:47.312317+00	Jhon Doe	Jhon Doe
CILINDRO DAKAR 200 S000590	95	S000590	1	12	cilindro_dakar_200_s000590-1692682361778.jpeg	52.28	65.34	87.13	100000	10000	\N	t	2023-09-15 01:12:18.95805+00	2023-09-15 01:12:47.312317+00	Jhon Doe	Jhon Doe
CILINDRO CG 150 S000595	96	S000595	1	12	cilindro_cg_150_s000595-1692682361780.jpeg	30.75	38.44	51.25	100000	10000	\N	t	2023-09-15 01:12:18.95805+00	2023-09-15 01:12:47.312317+00	Jhon Doe	Jhon Doe
CILINDRO UM 200 S000597	97	S000597	1	12	cilindro_um_200_s000597-1692682361781.jpeg	52.28	65.34	87.13	100000	10000	\N	t	2023-09-15 01:12:18.95805+00	2023-09-15 01:12:47.312317+00	Jhon Doe	Jhon Doe
CILINDRO CG 200 S000598	98	S000598	1	12	cilindro_cg_200_s000598-1692682361783.jpeg	33.21	41.51	55.35	100000	10000	\N	t	2023-09-15 01:12:18.95805+00	2023-09-15 01:12:47.312317+00	Jhon Doe	Jhon Doe
CILINDRO GY6 125 S000612	99	S000612	1	12	cilindro_gy6_125_s000612-1692682361785.jpeg	34.44	43.05	57.4	100000	10000	\N	t	2023-09-15 01:12:18.95805+00	2023-09-15 01:12:47.312317+00	Jhon Doe	Jhon Doe
CILINDRO AX 100 S000616	100	S000616	1	12	cilindro_ax_100_s000616-1692682361787.jpeg	38.75	48.43	64.58	100000	10000	\N	t	2023-09-15 01:12:18.95805+00	2023-09-15 01:12:47.312317+00	Jhon Doe	Jhon Doe
CILINDRO COMPLETO SPITZER 150 S000699	101	S000699	1	12	cilindro_completo_spitzer_150_s000699-1692682361790.jpeg	46.13	57.66	76.88	100000	10000	\N	t	2023-09-15 01:12:18.95805+00	2023-09-15 01:12:47.312317+00	Jhon Doe	Jhon Doe
CILINDRO DT 175 S000912	102	S000912	1	12	cilindro_dt_175_s000912-1692682361792.jpeg	87.13	96.09	128.13	100000	10000	\N	t	2023-09-15 01:12:18.95805+00	2023-09-15 01:12:47.312317+00	Jhon Doe	Jhon Doe
CILINDRO PULSAR 135 S001069	103	S001069	1	12	cilindro_pulsar_135_s001069-1692682361793.jpeg	36.29	45.36	60.48	100000	10000	\N	t	2023-09-15 01:12:18.95805+00	2023-09-15 01:12:47.312317+00	Jhon Doe	Jhon Doe
CILINDRO COMPLETO GL 145 S001257	104	S001257	1	12	cilindro_completo_gl_145_s001257-1692682361795.jpeg	46.13	57.66	76.88	100000	10000	\N	t	2023-09-15 01:12:18.95805+00	2023-09-15 01:12:47.312317+00	Jhon Doe	Jhon Doe
CILINDRO CBF 125 S000592	105	S000592	1	12	cilindro_cbf_125_s000592-1692682361796.jpeg	67.04	83.79	111.73	100000	10000	\N	t	2023-09-15 01:12:18.95805+00	2023-09-15 01:12:47.312317+00	Jhon Doe	Jhon Doe
CILINDRO CB1 125 S000895	106	S000895	1	12	cilindro_cb1_125_s000895-1692682361798.jpeg	89.18	111.47	148.63	100000	10000	\N	t	2023-09-15 01:12:18.95805+00	2023-09-15 01:12:47.312317+00	Jhon Doe	Jhon Doe
CILINDRO PULSAR 180 UG4 S001076	107	S001076	1	12	cilindro_pulsar_180_ug4_s001076-1692682361800.jpeg	46.13	57.66	76.88	100000	10000	\N	t	2023-09-15 01:12:18.95805+00	2023-09-15 01:12:47.312317+00	Jhon Doe	Jhon Doe
CILINDRO CBF 150 S000593	108	S000593	1	12	cilindro_cbf_150_s000593-1692682361801.jpeg	41.9	52.38	69.83	100000	10000	\N	t	2023-09-15 01:12:18.95805+00	2023-09-15 01:12:47.312317+00	Jhon Doe	Jhon Doe
CILINDRO GY6 150 S000613	109	S000613	1	12	cilindro_gy6_150_s000613-1692682361803.jpeg	35.67	44.59	59.45	100000	10000	\N	t	2023-09-15 01:12:18.95805+00	2023-09-15 01:12:47.312317+00	Jhon Doe	Jhon Doe
CILINDRO XL 200 S000743	110	S000743	1	12	cilindro_xl_200_s000743-1692682361805.jpeg	34.04	68.17	90.9	100000	10000	\N	t	2023-09-15 01:12:18.95805+00	2023-09-15 01:12:47.312317+00	Jhon Doe	Jhon Doe
CILINDRO APACHE 180 S001166	111	S001166	1	12	cilindro_apache_180_s001166-1692682361807.jpeg	55.35	69.19	92.25	100000	10000	\N	t	2023-09-15 01:12:18.95805+00	2023-09-15 01:12:47.312317+00	Jhon Doe	Jhon Doe
CILINDRO FALCON 250 S000785	112	S000785	1	12	cilindro_falcon_250_s000785-1692682361809.jpeg	57.35	71.69	95.58	100000	10000	\N	t	2023-09-15 01:12:18.95805+00	2023-09-15 01:12:47.312317+00	Jhon Doe	Jhon Doe
CLUTCH GY6 125 P002841	113	P002841	1	13	clutch_gy6_125_p002841-1692682361810.jpeg	30.14	37.67	50.23	100000	10000	\N	t	2023-09-15 01:12:18.95805+00	2023-09-15 01:12:47.312317+00	Jhon Doe	Jhon Doe
CLUTCH COMPLETO DAKAR 200 P014552	114	P014552	1	13	clutch_completo_dakar_200_p014552-1692682361811.jpeg	15.47	19.33	25.78	100000	10000	\N	t	2023-09-15 01:12:18.95805+00	2023-09-15 01:12:47.312317+00	Jhon Doe	Jhon Doe
CULATA G 150 P002246	115	P002246	1	14	culata_g_150_p002246-1692682361813.jpeg	44.28	55.35	73.8	100000	10000	\N	t	2023-09-15 01:12:18.95805+00	2023-09-15 01:12:47.312317+00	Jhon Doe	Jhon Doe
CULATA CG 200 P002248	116	P002248	1	14	culata_cg_200_p002248-1692682361814.jpeg	47.71	59.64	79.52	100000	10000	\N	t	2023-09-15 01:12:18.95805+00	2023-09-15 01:12:47.312317+00	Jhon Doe	Jhon Doe
CULATA G 250 P002293	117	P002293	1	14	culata_g_250_p002293-1692682361816.jpeg	81.64	102.06	136.08	100000	10000	\N	t	2023-09-15 01:12:18.95805+00	2023-09-15 01:12:47.312317+00	Jhon Doe	Jhon Doe
CUNA DIRECCIONAL CG 125 P001941	118	P001941	1	15	cuna_direccional_cg_125_p001941-1692682361817.jpeg	4.61	5.77	7.69	100000	10000	\N	t	2023-09-15 01:12:18.95805+00	2023-09-15 01:12:47.312317+00	Jhon Doe	Jhon Doe
CUNA DIRECCIONAL GN 125 P001951	119	P001951	1	15	cuna_direccional_gn_125_p001951-1692682361819.jpeg	4.61	5.77	7.69	100000	10000	\N	t	2023-09-15 01:12:18.95805+00	2023-09-15 01:12:47.312317+00	Jhon Doe	Jhon Doe
CUNA DIRECCIONAL NXR 125 P001994	120	P001994	1	15	cuna_direccional_nxr_125_p001994-1692682361820.jpeg	6.15	7.69	10.25	100000	10000	\N	t	2023-09-15 01:12:18.95805+00	2023-09-15 01:12:47.312317+00	Jhon Doe	Jhon Doe
CUNA DIRECCIONAL PULSAR 180 P011358	121	P011358	1	15	cuna_direccional_pulsar_180_p011358-1692682361822.jpeg	6.15	7.69	10.25	100000	10000	\N	t	2023-09-15 01:12:18.95805+00	2023-09-15 01:12:47.312317+00	Jhon Doe	Jhon Doe
CUNA DIRECCIONAL AX 100 P001936	122	P001936	1	15	cuna_direccional_ax_100_p001936-1692682361824.jpeg	4.61	5.77	7.69	100000	10000	\N	t	2023-09-15 01:12:18.95805+00	2023-09-15 01:12:47.312317+00	Jhon Doe	Jhon Doe
CUNA DIRECCIONAL YBR 125 P001965	123	P001965	1	15	cuna_direccional_ybr_125_p001965-1692682361825.jpeg	4.61	5.77	7.69	100000	10000	\N	t	2023-09-15 01:12:18.95805+00	2023-09-15 01:12:47.312317+00	Jhon Doe	Jhon Doe
CUNA DIRECCIONAL INVICTA P001960	124	P001960	1	15	cuna_direccional_invicta_p001960-1692682361827.jpeg	6.15	7.69	10.25	100000	10000	\N	t	2023-09-15 01:12:18.95805+00	2023-09-15 01:12:47.312317+00	Jhon Doe	Jhon Doe
DISCO DE CLUTCH CG 125 S000755	125	S000755	1	16	disco_de_clutch_cg_125_s000755-1692682361828.jpeg	5.23	6.54	8.71	100000	10000	\N	t	2023-09-15 01:12:18.95805+00	2023-09-15 01:12:47.312317+00	Jhon Doe	Jhon Doe
SEPARADOR DE DISCO DE CLUTCH CG 125 P004243	126	P004243	1	16	separador_de_disco_de_clutch_cg_125_p004243-1692682361830.jpeg	2.77	3.46	4.61	100000	10000	\N	t	2023-09-15 01:12:18.95805+00	2023-09-15 01:12:47.312317+00	Jhon Doe	Jhon Doe
DISCO DE CLUTCH PULSAR 180 UG4 S000929	127	S000929	1	16	disco_de_clutch_pulsar_180_ug4_s000929-1692682361832.jpeg	6.15	7.69	11.02	100000	10000	\N	t	2023-09-15 01:12:18.95805+00	2023-09-15 01:12:47.312317+00	Jhon Doe	Jhon Doe
DISCO DE FRENO DELANTERO GS 125 P000358	128	P000358	1	17	disco_de_freno_delantero_gs_125_p000358-1692682361833.jpeg	13.53	16.91	22.55	100000	10000	\N	t	2023-09-15 01:12:18.95805+00	2023-09-15 01:12:47.312317+00	Jhon Doe	Jhon Doe
DISCO DE FRENO DELANTERO XY 200 P000376	129	P000376	1	17	disco_de_freno_delantero_xy_200_p000376-1692682361841.jpeg	16.3	20.38	27.16	100000	10000	\N	t	2023-09-15 01:12:18.95805+00	2023-09-15 01:12:47.312317+00	Jhon Doe	Jhon Doe
DISCO DE FRENO DELANTERO PULSAR NS 200P011526	130	P011526	1	17	disco_de_freno_delantero_pulsar_ns_200p011526-1692682361843.jpeg	27.68	34.59	46.13	100000	10000	\N	t	2023-09-15 01:12:18.95805+00	2023-09-15 01:12:47.312317+00	Jhon Doe	Jhon Doe
DISCO DE FRENO DELANTERO APACHE 160 P016253	131	P016253	1	17	disco_de_freno_delantero_apache_160_p016253-1692682361845.jpeg	23.37	29.21	38.95	100000	10000	\N	t	2023-09-15 01:12:18.95805+00	2023-09-15 01:12:47.312317+00	Jhon Doe	Jhon Doe
DISCO DE FRENO TRACERO APACHE 180 P016254	132	P016254	1	17	disco_de_freno_tracero_apache_180_p016254-1692682361847.jpeg	21.53	26.91	35.88	100000	10000	\N	t	2023-09-15 01:12:18.95805+00	2023-09-15 01:12:47.312317+00	Jhon Doe	Jhon Doe
DISCO DE FRENO TRAERO XY 200	133	P000349	1	17	disco_de_freno_traero_xy_200-1692682361849.jpeg	14.15	17.68	23.58	100000	10000	\N	t	2023-09-15 01:12:18.95805+00	2023-09-15 01:12:47.312317+00	Jhon Doe	Jhon Doe
DESLIZADOR DE CADENA YARA 200 P001114	134	P001114	1	18	deslizador_de_cadena_yara_200_p001114-1692682361850.jpeg	3.84	4.81	6.41	100000	10000	\N	t	2023-09-15 01:12:18.95805+00	2023-09-15 01:12:47.312317+00	Jhon Doe	Jhon Doe
EMPAQUE DE ESCAPE AX100 P007868	135	P007868	1	19	empaque_de_escape_ax100_p007868-1692682361852.jpeg	0.53	0.67	1.03	100000	10000	\N	t	2023-09-15 01:12:18.95805+00	2023-09-15 01:12:47.312317+00	Jhon Doe	Jhon Doe
EMPAQUE DE ESCAPE CG 125 P007872	136	P007872	1	19	empaque_de_escape_cg_125_p007872-1692682361854.jpeg	0.53	0.67	1.03	100000	10000	\N	t	2023-09-15 01:12:18.95805+00	2023-09-15 01:12:47.312317+00	Jhon Doe	Jhon Doe
EMPAQUE DE PUNTERIA XR 150 P016814	137	P016814	1	19	empaque_de_punteria_xr_150_p016814-1692682361856.jpeg	3	3.8	5.07	100000	10000	\N	t	2023-09-15 01:12:18.95805+00	2023-09-15 01:12:47.312317+00	Jhon Doe	Jhon Doe
EMPAQUE DE PUNTERIA CG 125 P002270	138	P002270	1	19	empaque_de_punteria_cg_125_p002270-1692682361857.jpeg	1.54	1.93	2.56	100000	10000	\N	t	2023-09-15 01:12:18.95805+00	2023-09-15 01:12:47.312317+00	Jhon Doe	Jhon Doe
EMPAQUE DE PUNTERIA PULSAR 135 P009292	139	P009292	1	19	empaque_de_punteria_pulsar_135_p009292-1692682361858.jpeg	2.31	2.88	3.84	100000	10000	\N	t	2023-09-15 01:12:18.95805+00	2023-09-15 01:12:47.312317+00	Jhon Doe	Jhon Doe
KIT EMPAQUE COMPLETO CG 125 P010157	140	P010157	1	19	kit_empaque_completo_cg_125_p010157-1692682361860.jpeg	5.29	7.06	9.41	100000	10000	\N	t	2023-09-15 01:12:18.95805+00	2023-09-15 01:12:47.312317+00	Jhon Doe	Jhon Doe
KIT EMPAQUE COMPLETO CG 150 P010158	141	P010158	1	19	kit_empaque_completo_cg_150_p010158-1692682361861.jpeg	5.29	7.06	9.41	100000	10000	\N	t	2023-09-15 01:12:18.95805+00	2023-09-15 01:12:47.312317+00	Jhon Doe	Jhon Doe
KIT EMPAQUE COMPLETO CG 200 P010638	142	P010638	1	19	kit_empaque_completo_cg_200_p010638-1692682361863.jpeg	5.29	7.06	9.41	100000	10000	\N	t	2023-09-15 01:12:18.95805+00	2023-09-15 01:12:47.312317+00	Jhon Doe	Jhon Doe
KIT EMPAQUE COMPLETO GY6 125 P010241	143	P010241	1	19	kit_empaque_completo_gy6_125_p010241-1692682361864.jpeg	5.29	7.06	9.41	100000	10000	\N	t	2023-09-15 01:12:18.95805+00	2023-09-15 01:12:47.312317+00	Jhon Doe	Jhon Doe
KIT EMPAQUE COMPLETO GY6 150 P010681	144	P010681	1	19	kit_empaque_completo_gy6_150_p010681-1692682361866.jpeg	5.29	7.06	9.41	100000	10000	\N	t	2023-09-15 01:12:18.95805+00	2023-09-15 01:12:47.312317+00	Jhon Doe	Jhon Doe
KIT EMPAQUE COMPLETO PULSAR 180 P009461	145	P009461	1	19	kit_empaque_completo_pulsar_180_p009461-1692682361867.jpeg	5.89	8.42	11.22	100000	10000	\N	t	2023-09-15 01:12:18.95805+00	2023-09-15 01:12:47.312317+00	Jhon Doe	Jhon Doe
KIT EMPAQUE COMPLETO PULSAR 220 P001276	146	P001276	1	19	kit_empaque_completo_pulsar_220_p001276-1692682361868.jpeg	6.43	9.18	12.25	100000	10000	\N	t	2023-09-15 01:12:18.95805+00	2023-09-15 01:12:47.312317+00	Jhon Doe	Jhon Doe
ESCAPE GN 125 P008046	147	P008046	1	19	escape_gn_125_p008046-1692682361870.jpeg	31.98	39.98	51.78	100000	10000	\N	t	2023-09-15 01:12:18.95805+00	2023-09-15 01:12:47.312317+00	Jhon Doe	Jhon Doe
ESCAPE CGL 125 P008056	148	P008056	1	19	escape_cgl_125_p008056-1692682361872.jpeg	31.98	39.98	51.78	100000	10000	\N	t	2023-09-15 01:12:18.95805+00	2023-09-15 01:12:47.312317+00	Jhon Doe	Jhon Doe
ESCAPE YARA 200 P016255	149	P016255	1	19	escape_yara_200_p016255-1692682361873.jpeg	55.4	69.25	92.33	100000	10000	\N	t	2023-09-15 01:12:18.95805+00	2023-09-15 01:12:47.312317+00	Jhon Doe	Jhon Doe
ESPEJO SET MOTARD 200/2052 P001496	150	P001496	1	20	2052_p001496-1692682361875.jpeg	4.04	5.04	6.72	100000	10000	\N	t	2023-09-15 01:12:18.95805+00	2023-09-15 01:12:47.312317+00	Jhon Doe	Jhon Doe
ESPEJO SETYBR 125 P009312	151	P009312	1	20	espejo_setybr_125_p009312-1692682361876.jpeg	4.04	5.04	6.71	100000	10000	\N	t	2023-09-15 01:12:18.95805+00	2023-09-15 01:12:47.312317+00	Jhon Doe	Jhon Doe
ESPEJO APACHE 160/180 P010281	152	P010281	1	20	180_p010281-1692682361877.jpeg	4.83	6.04	8.05	100000	10000	\N	t	2023-09-15 01:12:18.95805+00	2023-09-15 01:12:47.312317+00	Jhon Doe	Jhon Doe
ESPEJO PULSAR NS 200 P011025	153	P011025	1	20	espejo_pulsar_ns_200_p011025-1692682361878.jpeg	4.83	6.04	8.05	100000	10000	\N	t	2023-09-15 01:12:18.95805+00	2023-09-15 01:12:47.312317+00	Jhon Doe	Jhon Doe
KIT EJE DE TIJERA CGL 125 S001427	154	S001427	1	21	kit_eje_de_tijera_cgl_125_s001427-1692682361881.jpeg	6.69	8.36	11.15	100000	10000	\N	t	2023-09-15 01:12:18.95805+00	2023-09-15 01:12:47.312317+00	Jhon Doe	Jhon Doe
KIT EJE DE TIJERA YBR 125 S001428	155	S001428	1	21	kit_eje_de_tijera_ybr_125_s001428-1692682361883.jpeg	6.69	8.36	11.15	100000	10000	\N	t	2023-09-15 01:12:18.95805+00	2023-09-15 01:12:47.312317+00	Jhon Doe	Jhon Doe
ESTRIBO HULE CGL 125 P008898	156	P008898	1	22	estribo_hule_cgl_125_p008898-1692682361884.jpeg	3.69	4.61	6.15	100000	10000	\N	t	2023-09-15 01:12:18.95805+00	2023-09-15 01:12:47.312317+00	Jhon Doe	Jhon Doe
ESTRIBO TRACERO GN 125 P002788	157	P002788	1	22	estribo_tracero_gn_125_p002788-1692682361886.jpeg	3.69	4.61	6.15	100000	10000	\N	t	2023-09-15 01:12:18.95805+00	2023-09-15 01:12:47.312317+00	Jhon Doe	Jhon Doe
ESTRIBO APACHE 160/180 TRACERO P015530	158	P015530	1	22	180_tracero_p015530-1692682361887.jpeg	5.81	7.27	9.69	100000	10000	\N	t	2023-09-15 01:12:18.95805+00	2023-09-15 01:12:47.312317+00	Jhon Doe	Jhon Doe
FLASHER DE VIA 12V P009183	159	P009183	1	23	flasher_de_via_12v_p009183-1692682361889.jpeg	1.54	1.93	2.56	100000	10000	\N	t	2023-09-15 01:12:18.95805+00	2023-09-15 01:12:47.312317+00	Jhon Doe	Jhon Doe
FLOTADOR DE TANQUE WY 125 P009275	160	P009275	1	24	flotador_de_tanque_wy_125_p009275-1692682361891.jpeg	4.92	6.15	8.2	100000	10000	\N	t	2023-09-15 01:12:18.95805+00	2023-09-15 01:12:47.312317+00	Jhon Doe	Jhon Doe
FAJA DE TRANSMISION SRCV 20-743 P007825	161	P007825	1	25	faja_de_transmision_srcv_20-743_p007825-1692682361893.jpeg	4.92	6.15	8.2	100000	10000	\N	t	2023-09-15 01:12:18.95805+00	2023-09-15 01:12:47.312317+00	Jhon Doe	Jhon Doe
FILTRO DE ACEITE PULSAR 135 P003881	162	P003881	1	26	filtro_de_aceite_pulsar_135_p003881-1692682361894.jpeg	1.64	2.05	2.56	100000	10000	\N	t	2023-09-15 01:12:18.95805+00	2023-09-15 01:12:47.312317+00	Jhon Doe	Jhon Doe
FILTRO DE AIRE B1 110 P003960	163	P003960	1	26	filtro_de_aire_b1_110_p003960-1692682361896.jpeg	4.29	5.31	7.07	100000	10000	\N	t	2023-09-15 01:12:18.95805+00	2023-09-15 01:12:47.312317+00	Jhon Doe	Jhon Doe
FILTRO DE AIRE B1 125 P014367	164	P014367	1	26	filtro_de_aire_b1_125_p014367-1692682361897.jpeg	4.24	5.31	7.07	100000	10000	\N	t	2023-09-15 01:12:18.95805+00	2023-09-15 01:12:47.312317+00	Jhon Doe	Jhon Doe
FILTRO DE AIRE CBF 150 P003961	165	P003961	1	26	filtro_de_aire_cbf_150_p003961-1692682361898.jpeg	4.43	5.54	7.38	100000	10000	\N	t	2023-09-15 01:12:18.95805+00	2023-09-15 01:12:47.312317+00	Jhon Doe	Jhon Doe
FILTRO DE AIRE GY6 125 P003977	166	P003977	1	26	filtro_de_aire_gy6_125_p003977-1692682361900.jpeg	3.94	4.92	6.56	100000	10000	\N	t	2023-09-15 01:12:18.95805+00	2023-09-15 01:12:47.312317+00	Jhon Doe	Jhon Doe
FILTRO DE AIRE NXR 125 BROSS P003990	167	P003990	1	26	filtro_de_aire_nxr_125_bross_p003990-1692682361901.jpeg	3.66	4.57	6.1	100000	10000	\N	t	2023-09-15 01:12:18.95805+00	2023-09-15 01:12:47.312317+00	Jhon Doe	Jhon Doe
FILTRO DE AIRE V-MEN P009467	168	P009467	1	26	filtro_de_aire_v-men_p009467-1692682361903.jpeg	6.37	7.95	10.61	100000	10000	\N	t	2023-09-15 01:12:18.95805+00	2023-09-15 01:12:47.312317+00	Jhon Doe	Jhon Doe
FILTRO DE AIRE XL 125 P010436	169	P010436	1	26	filtro_de_aire_xl_125_p010436-1692682361904.jpeg	4.27	5.34	7.12	100000	10000	\N	t	2023-09-15 01:12:18.95805+00	2023-09-15 01:12:47.312317+00	Jhon Doe	Jhon Doe
FAJA DE DISTRIBUCION SRCV 20-835 P007878	170	P007878	1	26	faja_de_distribucion_srcv_20-835_p007878-1692682361907.jpeg	6	7.49	9.99	100000	10000	\N	t	2023-09-15 01:12:18.95805+00	2023-09-15 01:12:47.312317+00	Jhon Doe	Jhon Doe
FAJA DE TRANSMISION CRCV 20-842 P007879	171	P007879	1	26	faja_de_transmision_crcv_20-842_p007879-1692682361908.jpeg	6.03	7.53	10.05	100000	10000	\N	t	2023-09-15 01:12:18.95805+00	2023-09-15 01:12:47.312317+00	Jhon Doe	Jhon Doe
GUARDAFANGO DELANTERO GN 125 P007253	172	P007253	1	27	guardafango_delantero_gn_125_p007253-1692682361910.jpeg	14.15	17.68	23.58	100000	10000	\N	t	2023-09-15 01:12:18.95805+00	2023-09-15 01:12:47.312317+00	Jhon Doe	Jhon Doe
GUARDAFANGO DELANTERO WY 125 P012387	173	P012387	1	27	guardafango_delantero_wy_125_p012387-1692682361911.jpeg	14.15	17.68	23.58	100000	10000	\N	t	2023-09-15 01:12:18.95805+00	2023-09-15 01:12:47.312317+00	Jhon Doe	Jhon Doe
GUARDAFANGO DELANTERO PULSAR NS 200 ROJO P012257	174	P012257	1	27	guardafango_delantero_pulsar_ns_200_rojo_p012257-1692682361912.jpeg	17.22	21.53	28.7	100000	10000	\N	t	2023-09-15 01:12:18.95805+00	2023-09-15 01:12:47.312317+00	Jhon Doe	Jhon Doe
GUARDAFANGO DELANTERO PULSAR NS 200 AZULP012258	175	P012258	1	27	guardafango_delantero_pulsar_ns_200_azulp012258-1692682361914.jpeg	17.22	21.53	28.7	100000	10000	\N	t	2023-09-15 01:12:18.95805+00	2023-09-15 01:12:47.312317+00	Jhon Doe	Jhon Doe
GUARDAFANGO DELANTERO PULSAR NS 200 NEG P012259	176	P012259	1	27	guardafango_delantero_pulsar_ns_200_neg_p012259-1692682361915.jpeg	17.22	21.53	28.7	100000	10000	\N	t	2023-09-15 01:12:18.95805+00	2023-09-15 01:12:47.312317+00	Jhon Doe	Jhon Doe
GUARDAFANGO DELANTERO PULSAR 135 NEGRO P007467	177	P007467	1	27	guardafango_delantero_pulsar_135_negro_p007467-1692682361917.jpeg	13.23	16.55	22.05	100000	10000	\N	t	2023-09-15 01:12:18.95805+00	2023-09-15 01:12:47.312317+00	Jhon Doe	Jhon Doe
GUARDAFANGO DELANTERO PULSAR 135 ROJO P012254	178	P012254	1	27	guardafango_delantero_pulsar_135_rojo_p012254-1692682361920.jpeg	13.23	16.55	22.05	100000	10000	\N	t	2023-09-15 01:12:18.95805+00	2023-09-15 01:12:47.312317+00	Jhon Doe	Jhon Doe
GUARDAFANGO DELANTERO PULSAR 135 AZUL P012255	179	P012255	1	27	guardafango_delantero_pulsar_135_azul_p012255-1692682361922.jpeg	13.23	16.55	22.05	100000	10000	\N	t	2023-09-15 01:12:18.95805+00	2023-09-15 01:12:47.312317+00	Jhon Doe	Jhon Doe
GUARDAFANGO DELANTERO PULSAR 180 AZUL P016240	180	P016240	1	27	guardafango_delantero_pulsar_180_azul_p016240-1692682361924.jpeg	16.51	20.64	27.52	100000	10000	\N	t	2023-09-15 01:12:18.95805+00	2023-09-15 01:12:47.312317+00	Jhon Doe	Jhon Doe
GUARDAFANGO DELANTERO PULSAR 180 P014812	181	P014812	1	27	guardafango_delantero_pulsar_180_p014812-1692682361925.jpeg	16.51	20.64	27.52	100000	10000	\N	t	2023-09-15 01:12:18.95805+00	2023-09-15 01:12:47.312317+00	Jhon Doe	Jhon Doe
GUARDAFANGO DELANTERO PULSAR 180 P014813	182	P014813	1	27	guardafango_delantero_pulsar_180_p014813-1692682361926.jpeg	16.51	20.64	27.52	100000	10000	\N	t	2023-09-15 01:12:18.95805+00	2023-09-15 01:12:47.312317+00	Jhon Doe	Jhon Doe
GUARDAFANGO DELANTERO WY 125 ROJO P012346	183	P012346	1	27	guardafango_delantero_wy_125_rojo_p012346-1692682361928.jpeg	14.11	17.64	23.52	100000	10000	\N	t	2023-09-15 01:12:18.95805+00	2023-09-15 01:12:47.312317+00	Jhon Doe	Jhon Doe
GUARDAFANGO DELANTERO WY 125 NEGRO P007254	184	P007254	1	27	guardafango_delantero_wy_125_negro_p007254-1692682361929.jpeg	14.11	17.64	23.52	100000	10000	\N	t	2023-09-15 01:12:18.95805+00	2023-09-15 01:12:47.312317+00	Jhon Doe	Jhon Doe
GUARDAFANGO DELANTERO WY 125 AZUL P012347	185	P012347	1	27	guardafango_delantero_wy_125_azul_p012347-1692682361930.jpeg	14.11	17.64	23.52	100000	10000	\N	t	2023-09-15 01:12:18.95805+00	2023-09-15 01:12:47.312317+00	Jhon Doe	Jhon Doe
KIT GUIA DE CADENILLA PULSAR 180 P004632	186	P004632	1	28	kit_guia_de_cadenilla_pulsar_180_p004632-1692682361932.jpeg	6.46	8.08	10.76	100000	10000	\N	t	2023-09-15 01:12:18.95805+00	2023-09-15 01:12:47.312317+00	Jhon Doe	Jhon Doe
KIT GUIA DE CADENILLA PULSAR 135 P004634	187	P004634	1	28	kit_guia_de_cadenilla_pulsar_135_p004634-1692682361933.jpeg	6.46	8.08	10.76	100000	10000	\N	t	2023-09-15 01:12:18.95805+00	2023-09-15 01:12:47.312317+00	Jhon Doe	Jhon Doe
KIT GUIA DE CADENILLA GY6 125 P004654	188	P004654	1	28	kit_guia_de_cadenilla_gy6_125_p004654-1692682361934.jpeg	6.46	8.08	10.76	100000	10000	\N	t	2023-09-15 01:12:18.95805+00	2023-09-15 01:12:47.312317+00	Jhon Doe	Jhon Doe
KIT GUIA DE CADENILLA YBR 125 P004751	189	P004751	1	28	kit_guia_de_cadenilla_ybr_125_p004751-1692682361936.jpeg	6.46	8.08	10.76	100000	10000	\N	t	2023-09-15 01:12:18.95805+00	2023-09-15 01:12:47.312317+00	Jhon Doe	Jhon Doe
KIT GUIA DE CADENILLA XL 125 P004753	190	P004753	1	28	kit_guia_de_cadenilla_xl_125_p004753-1692682361938.jpeg	7.38	9.23	12.3	100000	10000	\N	t	2023-09-15 01:12:18.95805+00	2023-09-15 01:12:47.312317+00	Jhon Doe	Jhon Doe
KIT GUIA DE CADENILLA INVICTA P004639	191	P004639	1	28	kit_guia_de_cadenilla_invicta_p004639-1692682361939.jpeg	8.46	10.57	14.09	100000	10000	\N	t	2023-09-15 01:12:18.95805+00	2023-09-15 01:12:47.312317+00	Jhon Doe	Jhon Doe
KIT GUIA DE CADENILLA WY 125 P004747	192	P004747	1	28	kit_guia_de_cadenilla_wy_125_p004747-1692682361942.jpeg	8.46	10.57	14.09	100000	10000	\N	t	2023-09-15 01:12:18.95805+00	2023-09-15 01:12:47.312317+00	Jhon Doe	Jhon Doe
HULE DE CATARINA GN 125 P003086	193	P003086	1	29	hule_de_catarina_gn_125_p003086-1692682361943.jpeg	3.38	4.22	5.64	100000	10000	\N	t	2023-09-15 01:12:18.95805+00	2023-09-15 01:12:47.312317+00	Jhon Doe	Jhon Doe
HULE DE CATARINA CGL 125 P003088	194	P003088	1	29	hule_de_catarina_cgl_125_p003088-1692682361944.jpeg	3.38	4.22	5.64	100000	10000	\N	t	2023-09-15 01:12:18.95805+00	2023-09-15 01:12:47.312317+00	Jhon Doe	Jhon Doe
HULE DE CATARINA JH 70 P003091	195	P003091	1	29	hule_de_catarina_jh_70_p003091-1692682361945.jpeg	3.38	4.22	5.64	100000	10000	\N	t	2023-09-15 01:12:18.95805+00	2023-09-15 01:12:47.312317+00	Jhon Doe	Jhon Doe
HULE DE CATARINA AX 100 P003076	196	P003076	1	29	hule_de_catarina_ax_100_p003076-1692682361947.jpeg	2.46	3.08	4.1	100000	10000	\N	t	2023-09-15 01:12:18.95805+00	2023-09-15 01:12:47.312317+00	Jhon Doe	Jhon Doe
LLAVIN XF 200GY P001785	197	P001785	1	30	llavin_xf_200gy_p001785-1692682361948.jpeg	7.01	8.76	11.69	100000	10000	\N	t	2023-09-15 01:12:18.95805+00	2023-09-15 01:12:47.312317+00	Jhon Doe	Jhon Doe
LLAVIN GYA 200 P013545	198	P013545	1	30	llavin_gya_200_p013545-1692682361949.jpeg	7.32	9.15	12.2	100000	10000	\N	t	2023-09-15 01:12:18.95805+00	2023-09-15 01:12:47.312317+00	Jhon Doe	Jhon Doe
LLAVIN CGL 125 P001782	199	P001782	1	30	llavin_cgl_125_p001782-1692682361950.jpeg	5.48	6.86	9.14	100000	10000	\N	t	2023-09-15 01:12:18.95805+00	2023-09-15 01:12:47.312317+00	Jhon Doe	Jhon Doe
LLAVIN GN 125 P001732	200	P001732	1	30	llavin_gn_125_p001732-1692682361951.jpeg	4.31	5.38	7.18	100000	10000	\N	t	2023-09-15 01:12:18.95805+00	2023-09-15 01:12:47.312317+00	Jhon Doe	Jhon Doe
LLAVIN V-MEN P001705	201	P001705	1	30	llavin_v-men_p001705-1692682361953.jpeg	6.15	7.69	10.25	100000	10000	\N	t	2023-09-15 01:12:18.95805+00	2023-09-15 01:12:47.312317+00	Jhon Doe	Jhon Doe
LLAVIN WN 100 P001710	202	P001710	1	30	llavin_wn_100_p001710-1692682361955.jpeg	3.52	4.39	6.27	100000	10000	\N	t	2023-09-15 01:12:18.95805+00	2023-09-15 01:12:47.312317+00	Jhon Doe	Jhon Doe
LLAVIN YBR 125 P001788	203	P001788	1	30	llavin_ybr_125_p001788-1692682361957.jpeg	7.5	9.38	12.51	100000	10000	\N	t	2023-09-15 01:12:18.95805+00	2023-09-15 01:12:47.312317+00	Jhon Doe	Jhon Doe
LODERA TRACERA GN 125 P002552	204	P002552	1	31	lodera_tracera_gn_125_p002552-1692682361958.jpeg	14.15	17.68	23.58	100000	10000	\N	t	2023-09-15 01:12:18.95805+00	2023-09-15 01:12:47.312317+00	Jhon Doe	Jhon Doe
LODERA TRACERA PULSAR 135 P002544 NEGRO	205	P002544	1	31	lodera_tracera_pulsar_135_p002544_negro-1692682361960.jpeg	7.07	8.85	11.79	100000	10000	\N	t	2023-09-15 01:12:18.95805+00	2023-09-15 01:12:47.312317+00	Jhon Doe	Jhon Doe
LODERA TRACERA PULSAR 135 P012171 ROJO	206	P012171	1	31	lodera_tracera_pulsar_135_p012171_rojo-1692682361961.jpeg	7.07	8.85	11.79	100000	10000	\N	t	2023-09-15 01:12:18.95805+00	2023-09-15 01:12:47.312317+00	Jhon Doe	Jhon Doe
LODERA TRACERA PULSAR 135 P012172 AZUL	207	P012172	1	31	lodera_tracera_pulsar_135_p012172_azul-1692682361962.jpeg	7.07	8.85	11.79	100000	10000	\N	t	2023-09-15 01:12:18.95805+00	2023-09-15 01:12:47.312317+00	Jhon Doe	Jhon Doe
BOMBILLO DE STOP S 25 12V 21/5W	208	P000328	1	32	5w-1692682361964.jpeg	0.4	0.5	0.67	100000	10000	\N	t	2023-09-15 01:12:18.95805+00	2023-09-15 01:12:47.312317+00	Jhon Doe	Jhon Doe
FAROL GN 125 P000993	209	P000993	1	32	farol_gn_125_p000993-1692682361965.jpeg	10.76	13.46	17.94	100000	10000	\N	t	2023-09-15 01:12:18.95805+00	2023-09-15 01:12:47.312317+00	Jhon Doe	Jhon Doe
BOMBILLO DE VIA G 18 12V 10W P006169	210	P006169	1	32	bombillo_de_via_g_18_12v_10w_p006169-1692682361966.jpeg	0.18	0.24	0.31	100000	10000	\N	t	2023-09-15 01:12:18.95805+00	2023-09-15 01:12:47.312317+00	Jhon Doe	Jhon Doe
VIA DIRECCIONAL YBR 125 P013810	211	P013810	1	32	via_direccional_ybr_125_p013810-1692682361967.jpeg	2	2.5	3.33	100000	10000	\N	t	2023-09-15 01:12:18.95805+00	2023-09-15 01:12:47.312317+00	Jhon Doe	Jhon Doe
STOP GS 125 P005550	212	P005550	1	32	stop_gs_125_p005550-1692682361968.jpeg	10.18	12.72	16.96	100000	10000	\N	t	2023-09-15 01:12:18.95805+00	2023-09-15 01:12:47.312317+00	Jhon Doe	Jhon Doe
STOP PULSAR 135 P016966	213	P016966	1	32	stop_pulsar_135_p016966-1692682361970.jpeg	13.52	16.9	22.54	100000	10000	\N	t	2023-09-15 01:12:18.95805+00	2023-09-15 01:12:47.312317+00	Jhon Doe	Jhon Doe
STOP YARA 200 P005660	214	P005660	1	32	stop_yara_200_p005660-1692682361971.jpeg	9.53	11.91	15.89	100000	10000	\N	t	2023-09-15 01:12:18.95805+00	2023-09-15 01:12:47.312317+00	Jhon Doe	Jhon Doe
VIA DIRECCIONAL GN 125 P005803	215	P005803	1	32	via_direccional_gn_125_p005803-1692682361973.jpeg	2.31	2.88	3.84	100000	10000	\N	t	2023-09-15 01:12:18.95805+00	2023-09-15 01:12:47.312317+00	Jhon Doe	Jhon Doe
BOMBILLO DE FAROL 12V 35/35W P007096	216	P007096	1	32	35w_p007096-1692682361974.jpeg	1.03	1.28	2.56	100000	10000	\N	t	2023-09-15 01:12:18.95805+00	2023-09-15 01:12:47.312317+00	Jhon Doe	Jhon Doe
FAROL V-MEN P013649	217	P013649	1	32	farol_v-men_p013649-1692682361977.jpeg	14.91	18.64	24.86	100000	10000	\N	t	2023-09-15 01:12:18.95805+00	2023-09-15 01:12:47.312317+00	Jhon Doe	Jhon Doe
STOP APACHE 160/180 P005643	218	P005643	1	32	180_p005643-1692682361979.jpeg	18.15	22.69	30.26	100000	10000	\N	t	2023-09-15 01:12:18.95805+00	2023-09-15 01:12:47.312317+00	Jhon Doe	Jhon Doe
SET VIA DIRECCIONAL PULSAR 135 P012787	219	P012787	1	32	set_via_direccional_pulsar_135_p012787-1692682361980.jpeg	5.04	6.3	8.41	100000	10000	\N	t	2023-09-15 01:12:18.95805+00	2023-09-15 01:12:47.312317+00	Jhon Doe	Jhon Doe
SET VIA DIRECCIONAL PULSAR 180 P014583	220	P014583	1	32	set_via_direccional_pulsar_180_p014583-1692682361982.jpeg	5.04	6.3	8.41	100000	10000	\N	t	2023-09-15 01:12:18.95805+00	2023-09-15 01:12:47.312317+00	Jhon Doe	Jhon Doe
SET VIA DIRECCIONAL PULSAR NS 200 P005808	221	P005808	1	32	set_via_direccional_pulsar_ns_200_p005808-1692682361983.jpeg	6.46	8.08	10.76	100000	10000	\N	t	2023-09-15 01:12:18.95805+00	2023-09-15 01:12:47.312317+00	Jhon Doe	Jhon Doe
SET VIA DIRECCIONAL PYTHON/JAGUAR 250 P016356	222	P016356	1	32	jaguar_250_p016356-1692682361984.jpeg	5.04	6.3	8.41	100000	10000	\N	t	2023-09-15 01:12:18.95805+00	2023-09-15 01:12:47.312317+00	Jhon Doe	Jhon Doe
SET VIA DIRECCIONAL V-MEN P006191	223	P006191	1	32	set_via_direccional_v-men_p006191-1692682361986.jpeg	5.04	6.3	8.41	100000	10000	\N	t	2023-09-15 01:12:18.95805+00	2023-09-15 01:12:47.312317+00	Jhon Doe	Jhon Doe
XENON C6 P016690	224	P016690	1	32	xenon_c6_p016690-1692682361987.jpeg	7.89	9.89	13.16	100000	10000	\N	t	2023-09-15 01:12:18.95805+00	2023-09-15 01:12:47.312317+00	Jhon Doe	Jhon Doe
SET VIA DIRECCIONAL XR 150 P016691	225	P016691	1	32	set_via_direccional_xr_150_p016691-1692682361989.jpeg	4.83	6.04	8	100000	10000	\N	t	2023-09-15 01:12:18.95805+00	2023-09-15 01:12:47.312317+00	Jhon Doe	Jhon Doe
SET VIA DIRECCIONAL APACHE 160/180 P006142	226	P006142	1	32	180_p006142-1692682361991.jpeg	6.46	8.08	10.76	100000	10000	\N	t	2023-09-15 01:12:18.95805+00	2023-09-15 01:12:47.312317+00	Jhon Doe	Jhon Doe
STOP PULSAR 180 LED P005671	227	P005671	1	32	stop_pulsar_180_led_p005671-1692682361992.jpeg	13.01	16.22	21.68	100000	10000	\N	t	2023-09-15 01:12:18.95805+00	2023-09-15 01:12:47.312317+00	Jhon Doe	Jhon Doe
BOTON DE ALTA Y BAJA GY6 125 P000150	228	P000150	1	33	boton_de_alta_y_baja_gy6_125_p000150-1692682361993.jpeg	1.85	2.31	3.08	100000	10000	\N	t	2023-09-15 01:12:18.95805+00	2023-09-15 01:12:47.312317+00	Jhon Doe	Jhon Doe
BOTON DE ENCENDIDO GY6 125 P000859	229	P000859	1	33	boton_de_encendido_gy6_125_p000859-1692682361994.jpeg	1.85	2.31	3.08	100000	10000	\N	t	2023-09-15 01:12:18.95805+00	2023-09-15 01:12:47.312317+00	Jhon Doe	Jhon Doe
MANDO DE VIA GY6 125 P005687	230	P005687	1	33	mando_de_via_gy6_125_p005687-1692682361996.jpeg	1.85	2.31	3.08	100000	10000	\N	t	2023-09-15 01:12:18.95805+00	2023-09-15 01:12:47.312317+00	Jhon Doe	Jhon Doe
BOTON DE ARRANQUE GY6 125 P007195	231	P007195	1	33	boton_de_arranque_gy6_125_p007195-1692682361997.jpeg	1.85	2.31	3.08	100000	10000	\N	t	2023-09-15 01:12:18.95805+00	2023-09-15 01:12:47.312317+00	Jhon Doe	Jhon Doe
MANDO DE ARRANQUE WY 125 P008118	232	P008118	1	33	mando_de_arranque_wy_125_p008118-1692682361998.jpeg	4.92	6.15	8.2	100000	10000	\N	t	2023-09-15 01:12:18.95805+00	2023-09-15 01:12:47.312317+00	Jhon Doe	Jhon Doe
MANDO DE ARRANQUE GN 125 P008171	233	P008171	1	33	mando_de_arranque_gn_125_p008171-1692682361999.jpeg	4.92	6.15	8.2	100000	10000	\N	t	2023-09-15 01:12:18.95805+00	2023-09-15 01:12:47.312317+00	Jhon Doe	Jhon Doe
MANDO DE VIA WY 125 P008213	234	P008213	1	33	mando_de_via_wy_125_p008213-1692682362000.jpeg	4.92	6.15	8.2	100000	10000	\N	t	2023-09-15 01:12:18.95805+00	2023-09-15 01:12:47.312317+00	Jhon Doe	Jhon Doe
MANDO DE VIA YBR 125 P008212	235	P008212	1	33	mando_de_via_ybr_125_p008212-1692682362003.jpeg	5.69	7.11	9.48	100000	10000	\N	t	2023-09-15 01:12:18.95805+00	2023-09-15 01:12:47.312317+00	Jhon Doe	Jhon Doe
MANDO DE VIA XY 200 P009621	236	P009621	1	33	mando_de_via_xy_200_p009621-1692682362005.jpeg	7.69	9.61	12.81	100000	10000	\N	t	2023-09-15 01:12:18.95805+00	2023-09-15 01:12:47.312317+00	Jhon Doe	Jhon Doe
MANDO DE ARRANQUE XY 200 P008143	237	P008143	1	33	mando_de_arranque_xy_200_p008143-1692682362007.jpeg	3.5	4.37	5.77	100000	10000	\N	t	2023-09-15 01:12:18.95805+00	2023-09-15 01:12:47.312317+00	Jhon Doe	Jhon Doe
MANECILLA DE FRENO C/BOMBA GN 125 P008967	238	P008967	1	34	bomba_gn_125_p008967-1692682362009.jpeg	7.87	9.84	13.12	100000	10000	\N	t	2023-09-15 01:12:18.95805+00	2023-09-15 01:12:47.312317+00	Jhon Doe	Jhon Doe
MANECILLA DE CLUTCH COMPLETA CGL 125 P013236	239	P013236	1	34	manecilla_de_clutch_completa_cgl_125_p013236-1692682362010.jpeg	4.61	5.77	7.69	100000	10000	\N	t	2023-09-15 01:12:18.95805+00	2023-09-15 01:12:47.312317+00	Jhon Doe	Jhon Doe
MANECILLA DE FRENO C/BOMBA SUPRA METAL P008976	240	P008976	1	34	bomba_supra_metal_p008976-1692682362011.jpeg	10.15	12.68	16.91	100000	10000	\N	t	2023-09-15 01:12:18.95805+00	2023-09-15 01:12:47.312317+00	Jhon Doe	Jhon Doe
MANGUILLO XY 200 (SET) P009204	241	P009204	1	35	manguillo_xy_200_(set)_p009204-1692682362012.jpeg	2.77	3.46	4.61	100000	10000	\N	t	2023-09-15 01:12:18.95805+00	2023-09-15 01:12:47.312317+00	Jhon Doe	Jhon Doe
MANGUILLO AGUILLA SB00015 P013035	242	P013035	1	35	manguillo_aguilla_sb00015_p013035-1692682362013.jpeg	2.77	3.46	4.61	100000	10000	\N	t	2023-09-15 01:12:18.95805+00	2023-09-15 01:12:47.312317+00	Jhon Doe	Jhon Doe
MANIFULL CG 200 P002993	243	P002993	1	36	manifull_cg_200_p002993-1692682362015.jpeg	2.15	2.7	3.59	100000	10000	\N	t	2023-09-15 01:12:18.95805+00	2023-09-15 01:12:47.312317+00	Jhon Doe	Jhon Doe
MANUBRIO GN 125 P001913	244	P001913	1	37	manubrio_gn_125_p001913-1692682362016.jpeg	7.38	9.23	12.3	100000	10000	\N	t	2023-09-15 01:12:18.95805+00	2023-09-15 01:12:47.312317+00	Jhon Doe	Jhon Doe
MANUBRIO CGL 125 P001922	245	P001922	1	37	manubrio_cgl_125_p001922-1692682362017.jpeg	7.38	9.23	12.3	100000	10000	\N	t	2023-09-15 01:12:18.95805+00	2023-09-15 01:12:47.312317+00	Jhon Doe	Jhon Doe
MOTOR DE ARRANQUE DAKAR 200 P007543	246	P007543	1	8	motor_de_arranque_dakar_200_p007543-1692682362019.jpeg	22.14	27.68	36.9	100000	10000	\N	t	2023-09-15 01:12:18.95805+00	2023-09-15 01:12:47.312317+00	Jhon Doe	Jhon Doe
MOTOR DE ARRANQUE XY 200 11T P007548	247	P007548	1	8	motor_de_arranque_xy_200_11t_p007548-1692682362020.jpeg	21.53	26.91	35.88	100000	10000	\N	t	2023-09-15 01:12:18.95805+00	2023-09-15 01:12:47.312317+00	Jhon Doe	Jhon Doe
MOTOR DE ARRANQUE GY6 125 P007563	248	P007563	1	8	motor_de_arranque_gy6_125_p007563-1692682362021.jpeg	18.76	23.44	31.26	100000	10000	\N	t	2023-09-15 01:12:18.95805+00	2023-09-15 01:12:47.312317+00	Jhon Doe	Jhon Doe
MOTOR DE ARRANQUE INVICTA 9T P010720	249	P010720	1	8	motor_de_arranque_invicta_9t_p010720-1692682362023.jpeg	26.01	32.52	43.36	100000	10000	\N	t	2023-09-15 01:12:18.95805+00	2023-09-15 01:12:47.312317+00	Jhon Doe	Jhon Doe
MORDAZA TRACERO SMX200 P002507	250	P002507	1	38	mordaza_tracero_smx200_p002507-1692682362024.jpeg	15.38	19.22	25.63	100000	10000	\N	t	2023-09-15 01:12:18.95805+00	2023-09-15 01:12:47.312317+00	Jhon Doe	Jhon Doe
MORDAZA DELANTERA GN 125 P005419	251	P005419	1	38	mordaza_delantera_gn_125_p005419-1692682362026.jpeg	15.38	19.22	25.63	100000	10000	\N	t	2023-09-15 01:12:18.95805+00	2023-09-15 01:12:47.312317+00	Jhon Doe	Jhon Doe
MORDAZA DELANTERA XY 200 P005435	252	P005435	1	38	mordaza_delantera_xy_200_p005435-1692682362027.jpeg	19.68	24.6	32.8	100000	10000	\N	t	2023-09-15 01:12:18.95805+00	2023-09-15 01:12:47.312317+00	Jhon Doe	Jhon Doe
MONOSHOK GY 200 P002720	253	P002720	1	39	monoshok_gy_200_p002720-1692682362028.jpeg	52.4	65.5	87.33	100000	10000	\N	t	2023-09-15 01:12:18.95805+00	2023-09-15 01:12:47.312317+00	Jhon Doe	Jhon Doe
MONOSHOK NXR 125 BROSS P002738	254	P002738	1	39	monoshok_nxr_125_bross_p002738-1692682362029.jpeg	52.4	65.5	87.33	100000	10000	\N	t	2023-09-15 01:12:18.95805+00	2023-09-15 01:12:47.312317+00	Jhon Doe	Jhon Doe
MONOSHOCK XTZ 125 P011377	255	P011377	1	39	monoshock_xtz_125_p011377-1692682362031.jpeg	54.89	68.61	91.48	100000	10000	\N	t	2023-09-15 01:12:18.95805+00	2023-09-15 01:12:47.312317+00	Jhon Doe	Jhon Doe
PASTILLA 125/CA 250 P001823	256	P001823	1	40	ca_250_p001823-1692682362032.jpeg	2.05	2.56	5.13	100000	10000	\N	t	2023-09-15 01:12:18.95805+00	2023-09-15 01:12:47.312317+00	Jhon Doe	Jhon Doe
PASTILLA GL 145 P001832	257	P001832	1	40	pastilla_gl_145_p001832-1692682362033.jpeg	2.05	2.56	5.13	100000	10000	\N	t	2023-09-15 01:12:18.95805+00	2023-09-15 01:12:47.312317+00	Jhon Doe	Jhon Doe
PASTILLA GS 125 P001835	258	P001835	1	40	pastilla_gs_125_p001835-1692682362034.jpeg	2.05	2.56	5.13	100000	10000	\N	t	2023-09-15 01:12:18.95805+00	2023-09-15 01:12:47.312317+00	Jhon Doe	Jhon Doe
PASTILLA MBK 125 P001840	259	P001840	1	40	pastilla_mbk_125_p001840-1692682362035.jpeg	2.05	2.56	5.13	100000	10000	\N	t	2023-09-15 01:12:18.95805+00	2023-09-15 01:12:47.312317+00	Jhon Doe	Jhon Doe
PASTILLA WH 125 P001854	260	P001854	1	40	pastilla_wh_125_p001854-1692682362037.jpeg	2.05	2.56	5.13	100000	10000	\N	t	2023-09-15 01:12:18.95805+00	2023-09-15 01:12:47.312317+00	Jhon Doe	Jhon Doe
PASTILLA ZF 150 P001858	261	P001858	1	40	pastilla_zf_150_p001858-1692682362038.jpeg	2.05	2.56	5.13	100000	10000	\N	t	2023-09-15 01:12:18.95805+00	2023-09-15 01:12:47.312317+00	Jhon Doe	Jhon Doe
PASTILLA TRACERA CBR 250 P001867	262	P001867	1	40	pastilla_tracera_cbr_250_p001867-1692682362040.jpeg	2.05	2.56	5.13	100000	10000	\N	t	2023-09-15 01:12:18.95805+00	2023-09-15 01:12:47.312317+00	Jhon Doe	Jhon Doe
PASTILLA INVICTA DELANTERA P001849	263	P001849	1	40	pastilla_invicta_delantera_p001849-1692682362041.jpeg	2.05	2.56	5.13	100000	10000	\N	t	2023-09-15 01:12:18.95805+00	2023-09-15 01:12:47.312317+00	Jhon Doe	Jhon Doe
PASTILLA INVICTA TRACERA P011244	264	P011244	1	40	pastilla_invicta_tracera_p011244-1692682362043.jpeg	2.05	2.56	5.13	100000	10000	\N	t	2023-09-15 01:12:18.95805+00	2023-09-15 01:12:47.312317+00	Jhon Doe	Jhon Doe
PASTILLA CM/CBR 250 P001827	265	P001827	1	40	cbr_250_p001827-1692682362044.jpeg	2.05	2.56	5.13	100000	10000	\N	t	2023-09-15 01:12:18.95805+00	2023-09-15 01:12:47.312317+00	Jhon Doe	Jhon Doe
PASTILLA NH 90/KTM 250 P001841	266	P001841	1	40	ktm_250_p001841-1692682362045.jpeg	2.05	2.56	5.13	100000	10000	\N	t	2023-09-15 01:12:18.95805+00	2023-09-15 01:12:47.312317+00	Jhon Doe	Jhon Doe
PASTILLA DELANTERA UM 200 RENEDAGO P009781	267	P009781	1	40	pastilla_delantera_um_200_renedago_p009781-1692682362047.jpeg	2.05	2.56	5.13	100000	10000	\N	t	2023-09-15 01:12:18.95805+00	2023-09-15 01:12:47.312317+00	Jhon Doe	Jhon Doe
PATA DE CAMBIO GS 125 P000079	268	P000079	1	41	pata_de_cambio_gs_125_p000079-1692682362048.jpeg	6.4	8.38	11.17	100000	10000	\N	t	2023-09-15 01:12:18.95805+00	2023-09-15 01:12:47.312317+00	Jhon Doe	Jhon Doe
PATA DE ARRANQUE GN 125 P007056	269	P007056	1	41	pata_de_arranque_gn_125_p007056-1692682362049.jpeg	5.1	7.09	8.18	100000	10000	\N	t	2023-09-15 01:12:18.95805+00	2023-09-15 01:12:47.312317+00	Jhon Doe	Jhon Doe
PATA DE ARRANQUE CGL 125 P007084	270	P007084	1	41	pata_de_arranque_cgl_125_p007084-1692682362050.jpeg	5.1	6.38	8.18	100000	10000	\N	t	2023-09-15 01:12:18.95805+00	2023-09-15 01:12:47.312317+00	Jhon Doe	Jhon Doe
PATA DE ARRANQUE YBR 125 P007181	271	P007181	1	41	pata_de_arranque_ybr_125_p007181-1692682362052.jpeg	6.15	7.69	10.25	100000	10000	\N	t	2023-09-15 01:12:18.95805+00	2023-09-15 01:12:47.312317+00	Jhon Doe	Jhon Doe
PATA DE ARRANQUE DAKAR 200 P007184	272	P007184	1	41	pata_de_arranque_dakar_200_p007184-1692682362053.jpeg	6.89	8.61	11.48	100000	10000	\N	t	2023-09-15 01:12:18.95805+00	2023-09-15 01:12:47.312317+00	Jhon Doe	Jhon Doe
PATA DE CAMBIO XY 200 P000102	273	P000102	1	41	pata_de_cambio_xy_200_p000102-1692682362055.jpeg	4	5	6.66	100000	10000	\N	t	2023-09-15 01:12:18.95805+00	2023-09-15 01:12:47.312317+00	Jhon Doe	Jhon Doe
PATA DE FRENO CG 125 P000488	274	P000488	1	41	pata_de_freno_cg_125_p000488-1692682362056.jpeg	4.46	5.57	7.43	100000	10000	\N	t	2023-09-15 01:12:18.95805+00	2023-09-15 01:12:47.312317+00	Jhon Doe	Jhon Doe
PATA DE FRENO GN 125 P000494	275	P000494	1	41	pata_de_freno_gn_125_p000494-1692682362057.jpeg	4.49	5.61	7.48	100000	10000	\N	t	2023-09-15 01:12:18.95805+00	2023-09-15 01:12:47.312317+00	Jhon Doe	Jhon Doe
PATA DE FRENO WY 125 P000511	276	P000511	1	41	pata_de_freno_wy_125_p000511-1692682362058.jpeg	4.49	5.61	7.48	100000	10000	\N	t	2023-09-15 01:12:18.95805+00	2023-09-15 01:12:47.312317+00	Jhon Doe	Jhon Doe
PATA DE CAMBIO CGL 125 P010350	277	P010350	1	41	pata_de_cambio_cgl_125_p010350-1692682362059.jpeg	4	5	6.66	100000	10000	\N	t	2023-09-15 01:12:18.95805+00	2023-09-15 01:12:47.312317+00	Jhon Doe	Jhon Doe
PATA DE CAMBIO YARA 200 P011601	278	P011601	1	41	pata_de_cambio_yara_200_p011601-1692682362060.jpeg	4	5	6.66	100000	10000	\N	t	2023-09-15 01:12:18.95805+00	2023-09-15 01:12:47.312317+00	Jhon Doe	Jhon Doe
PATA DE PARQUEO YARA 200 P011602	279	P011602	1	41	pata_de_parqueo_yara_200_p011602-1692682362062.jpeg	6.15	7.69	10.25	100000	10000	\N	t	2023-09-15 01:12:18.95805+00	2023-09-15 01:12:47.312317+00	Jhon Doe	Jhon Doe
PATA DE ARRANQUE DT 125/175 P007053	280	P007053	1	41	175_p007053-1692682362063.jpeg	6.72	8.41	11.2	100000	10000	\N	t	2023-09-15 01:12:18.95805+00	2023-09-15 01:12:47.312317+00	Jhon Doe	Jhon Doe
PORTA FRICCION GN 125 P002642	281	P002642	1	42	porta_friccion_gn_125_p002642-1692682362064.jpeg	15.25	19.07	25.42	100000	10000	\N	t	2023-09-15 01:12:18.95805+00	2023-09-15 01:12:47.312317+00	Jhon Doe	Jhon Doe
PORTA FRICCION CGL 125/YBR 125 P009825	282	P009825	1	42	ybr_125_p009825-1692682362065.jpeg	15.25	19.07	25.42	100000	10000	\N	t	2023-09-15 01:12:18.95805+00	2023-09-15 01:12:47.312317+00	Jhon Doe	Jhon Doe
PORTA FRICCION YARA 200/TODO TERRENO P011618	283	P011618	1	42	todo_terreno_p011618-1692682362066.jpeg	16.61	20.76	27.68	100000	10000	\N	t	2023-09-15 01:12:18.95805+00	2023-09-15 01:12:47.312317+00	Jhon Doe	Jhon Doe
PORTA CATARINA AX 100 P003042	284	P003042	1	43	porta_catarina_ax_100_p003042-1692682362067.jpeg	5.54	6.92	9.23	100000	10000	\N	t	2023-09-15 01:12:18.95805+00	2023-09-15 01:12:47.312317+00	Jhon Doe	Jhon Doe
PORTA CATARINA CGL 125 P003047	285	P003047	1	43	porta_catarina_cgl_125_p003047-1692682362069.jpeg	5.69	7.11	9.48	100000	10000	\N	t	2023-09-15 01:12:18.95805+00	2023-09-15 01:12:47.312317+00	Jhon Doe	Jhon Doe
PORTA CATARINA PULSAR 180 P016250	286	P016250	1	43	porta_catarina_pulsar_180_p016250-1692682362070.jpeg	11.87	14.83	19.78	100000	10000	\N	t	2023-09-15 01:12:18.95805+00	2023-09-15 01:12:47.312317+00	Jhon Doe	Jhon Doe
PIÑON DE ATAQUE 14T G 125 P004790	287	P004790	1	44	pinon_de_ataque_14t_g_125_p004790-1692682362071.jpeg	1.92	2.4	3.2	100000	10000	\N	t	2023-09-15 01:12:18.95805+00	2023-09-15 01:12:47.312317+00	Jhon Doe	Jhon Doe
PIÑON DE ATAQUE 15T G 125 P004815	288	P004815	1	44	pinon_de_ataque_15t_g_125_p004815-1692682362073.jpeg	1.92	2.4	3.2	100000	10000	\N	t	2023-09-15 01:12:18.95805+00	2023-09-15 01:12:47.312317+00	Jhon Doe	Jhon Doe
PIÑON DE ATAQUE 16T G 125 P004816	289	P004816	1	44	pinon_de_ataque_16t_g_125_p004816-1692682362074.jpeg	1.92	2.4	3.2	100000	10000	\N	t	2023-09-15 01:12:18.95805+00	2023-09-15 01:12:47.312317+00	Jhon Doe	Jhon Doe
PIÑON DE ATAQUE 17T G 125 P004813	290	P004813	1	44	pinon_de_ataque_17t_g_125_p004813-1692682362075.jpeg	1.92	2.4	3.2	100000	10000	\N	t	2023-09-15 01:12:18.95805+00	2023-09-15 01:12:47.312317+00	Jhon Doe	Jhon Doe
PIÑON DE CONTRAPESA YARA 200 P015704	291	P015704	1	44	pinon_de_contrapesa_yara_200_p015704-1692682362076.jpeg	20.17	25.22	33.62	100000	10000	\N	t	2023-09-15 01:12:18.95805+00	2023-09-15 01:12:47.312317+00	Jhon Doe	Jhon Doe
PIÑON DE ATAQUE PULSAR 135 15T P011675	292	P011675	1	44	pinon_de_ataque_pulsar_135_15t_p011675-1692682362078.jpeg	2.15	2.7	3.59	100000	10000	\N	t	2023-09-15 01:12:18.95805+00	2023-09-15 01:12:47.312317+00	Jhon Doe	Jhon Doe
PIÑON DE ATAQUE CB 110 14T P004811	293	P004811	1	44	pinon_de_ataque_cb_110_14t_p004811-1692682362079.jpeg	2.15	2.7	3.59	100000	10000	\N	t	2023-09-15 01:12:18.95805+00	2023-09-15 01:12:47.312317+00	Jhon Doe	Jhon Doe
PIÑON DE ATAQUE CB 110 15T P004809	294	P004809	1	44	pinon_de_ataque_cb_110_15t_p004809-1692682362080.jpeg	2.15	2.7	3.59	100000	10000	\N	t	2023-09-15 01:12:18.95805+00	2023-09-15 01:12:47.312317+00	Jhon Doe	Jhon Doe
PRISIONERO DE MOTO P006851	295	P006851	1	45	prisionero_de_moto_p006851-1692682362081.jpeg	0.31	0.39	0.51	100000	10000	\N	t	2023-09-15 01:12:18.95805+00	2023-09-15 01:12:47.312317+00	Jhon Doe	Jhon Doe
POLVERA DE BARRA GY 200 P008338	296	P008338	1	46	polvera_de_barra_gy_200_p008338-1692682362082.jpeg	4.39	5.49	7.32	100000	10000	\N	t	2023-09-15 01:12:18.95805+00	2023-09-15 01:12:47.312317+00	Jhon Doe	Jhon Doe
REGULADOR DE CADENILLA PULSAR 135 P004473	297	P004473	1	47	regulador_de_cadenilla_pulsar_135_p004473-1692682362084.jpeg	6.09	7.62	10.15	100000	10000	\N	t	2023-09-15 01:12:18.95805+00	2023-09-15 01:12:47.312317+00	Jhon Doe	Jhon Doe
REGULADOR DE CADENILLA XL 125 P004494	298	P004494	1	47	regulador_de_cadenilla_xl_125_p004494-1692682362085.jpeg	4.09	5.11	6.82	100000	10000	\N	t	2023-09-15 01:12:18.95805+00	2023-09-15 01:12:47.312317+00	Jhon Doe	Jhon Doe
REGULADOR DE CADENILLA GY6 125 P004482	299	P004482	1	47	regulador_de_cadenilla_gy6_125_p004482-1692682362086.jpeg	4.61	5.76	7.69	100000	10000	\N	t	2023-09-15 01:12:18.95805+00	2023-09-15 01:12:47.312317+00	Jhon Doe	Jhon Doe
REGULADOR DE CADENILLA YBR 125 P004495	300	P004495	1	47	regulador_de_cadenilla_ybr_125_p004495-1692682362088.jpeg	5.23	6.54	8.71	100000	10000	\N	t	2023-09-15 01:12:18.95805+00	2023-09-15 01:12:47.312317+00	Jhon Doe	Jhon Doe
REGULADOR DE CADENILLA APACHE 160/180 P010956	301	P010956	1	47	180_p010956-1692682362089.jpeg	5.23	6.54	8.71	100000	10000	\N	t	2023-09-15 01:12:18.95805+00	2023-09-15 01:12:47.312317+00	Jhon Doe	Jhon Doe
REGULADOR DE CORRIENTE GN 125 P002397	302	P002397	1	48	regulador_de_corriente_gn_125_p002397-1692682362090.jpeg	7.38	9.23	12.3	100000	10000	\N	t	2023-09-15 01:12:18.95805+00	2023-09-15 01:12:47.312317+00	Jhon Doe	Jhon Doe
REGULADOR DE CORRIENTE CG 125 P002439	303	P002439	1	48	regulador_de_corriente_cg_125_p002439-1692682362091.jpeg	4.74	6.3	8.41	100000	10000	\N	t	2023-09-15 01:12:18.95805+00	2023-09-15 01:12:47.312317+00	Jhon Doe	Jhon Doe
REGULADOR DE CORRIENTE DAKAR 125 P002445	304	P002445	1	48	regulador_de_corriente_dakar_125_p002445-1692682362092.jpeg	4.74	6.3	8.41	100000	10000	\N	t	2023-09-15 01:12:18.95805+00	2023-09-15 01:12:47.312317+00	Jhon Doe	Jhon Doe
REGULADOR DE CORRIENTE PULSAR 135 P002376	305	P002376	1	48	regulador_de_corriente_pulsar_135_p002376-1692682362094.jpeg	11.69	14.61	19.48	100000	10000	\N	t	2023-09-15 01:12:18.95805+00	2023-09-15 01:12:47.312317+00	Jhon Doe	Jhon Doe
REGULADOR DE CORRIENTE GY6 125 P002400	306	P002400	1	48	regulador_de_corriente_gy6_125_p002400-1692682362095.jpeg	5.54	6.92	9.23	100000	10000	\N	t	2023-09-15 01:12:18.95805+00	2023-09-15 01:12:47.312317+00	Jhon Doe	Jhon Doe
REGULADOR DE CORRIENTE WH 125 P002424	307	P002424	1	48	regulador_de_corriente_wh_125_p002424-1692682362096.jpeg	5.54	6.92	9.23	100000	10000	\N	t	2023-09-15 01:12:18.95805+00	2023-09-15 01:12:47.312317+00	Jhon Doe	Jhon Doe
REGULADOR DE CORRIENTE APACHE 160/180 P016689	308	P016689	1	48	180_p016689-1692682362097.jpeg	7.72	9.65	12.86	100000	10000	\N	t	2023-09-15 01:12:18.95805+00	2023-09-15 01:12:47.312317+00	Jhon Doe	Jhon Doe
REGULADOR DE CADENA CG 125 P001133	309	P001133	1	49	regulador_de_cadena_cg_125_p001133-1692682362098.jpeg	2.46	3.08	4.1	100000	10000	\N	t	2023-09-15 01:12:18.95805+00	2023-09-15 01:12:47.312317+00	Jhon Doe	Jhon Doe
REGULADOR DE CADENA GN 125 P001137	310	P001137	1	49	regulador_de_cadena_gn_125_p001137-1692682362099.jpeg	2.77	3.87	4.61	100000	10000	\N	t	2023-09-15 01:12:18.95805+00	2023-09-15 01:12:47.312317+00	Jhon Doe	Jhon Doe
REGULADOR DE CADENA XY 200 P001151	311	P001151	1	49	regulador_de_cadena_xy_200_p001151-1692682362100.jpeg	4.92	6.15	8.2	100000	10000	\N	t	2023-09-15 01:12:18.95805+00	2023-09-15 01:12:47.312317+00	Jhon Doe	Jhon Doe
RELAY CG 125 P003910	312	P003910	1	50	relay_cg_125_p003910-1692682362102.jpeg	3.69	4.61	7.43	100000	10000	\N	t	2023-09-15 01:12:18.95805+00	2023-09-15 01:12:47.312317+00	Jhon Doe	Jhon Doe
RELAY INVICTA P003894	313	P003894	1	50	relay_invicta_p003894-1692682362103.jpeg	6.46	8.08	10.76	100000	10000	\N	t	2023-09-15 01:12:18.95805+00	2023-09-15 01:12:47.312317+00	Jhon Doe	Jhon Doe
REGULADOR DE CORRIENTE YBR 125 P002436	314	P002436	1	51	regulador_de_corriente_ybr_125_p002436-1692682362104.jpeg	6.71	8.38	11.17	100000	10000	\N	t	2023-09-15 01:12:18.95805+00	2023-09-15 01:12:47.312317+00	Jhon Doe	Jhon Doe
TABLERO YBR 125 P005001	315	P005001	1	52	tablero_ybr_125_p005001-1692682362106.jpeg	24.6	30.75	41	100000	10000	\N	t	2023-09-15 01:12:18.95805+00	2023-09-15 01:12:47.312317+00	Jhon Doe	Jhon Doe
TABLERO CGL 125 P005006	316	P005006	1	52	tablero_cgl_125_p005006-1692682362108.jpeg	19.62	24.53	32.7	100000	10000	\N	t	2023-09-15 01:12:18.95805+00	2023-09-15 01:12:47.312317+00	Jhon Doe	Jhon Doe
TABLERO GN 125 P005174	317	P005174	1	52	tablero_gn_125_p005174-1692682362109.jpeg	19.86	24.84	33.11	100000	10000	\N	t	2023-09-15 01:12:18.95805+00	2023-09-15 01:12:47.312317+00	Jhon Doe	Jhon Doe
TABLERO NXR 125 P005196	318	P005196	1	52	tablero_nxr_125_p005196-1692682362110.jpeg	20.91	26.14	34.85	100000	10000	\N	t	2023-09-15 01:12:18.95805+00	2023-09-15 01:12:47.312317+00	Jhon Doe	Jhon Doe
TANQUE SL 150-9 AZUL P017808	319	P017808	1	53	tanque_sl_150-9_azul_p017808-1692682362111.jpeg	66.55	83.19	110.92	100000	10000	\N	t	2023-09-15 01:12:18.95805+00	2023-09-15 01:12:47.312317+00	Jhon Doe	Jhon Doe
TANQUE SL 150-9 ROJO P017807	320	P017807	1	53	tanque_sl_150-9_rojo_p017807-1692682362112.jpeg	66.55	83.19	110.92	100000	10000	\N	t	2023-09-15 01:12:18.95805+00	2023-09-15 01:12:47.312317+00	Jhon Doe	Jhon Doe
TANQUE CGL 125 AZUL P012708	321	P012708	1	53	tanque_cgl_125_azul_p012708-1692682362114.jpeg	33.3	41.52	55.49	100000	10000	\N	t	2023-09-15 01:12:18.95805+00	2023-09-15 01:12:47.312317+00	Jhon Doe	Jhon Doe
TANQUE YBR 125 NEGRO P006643	322	P006643	1	53	tanque_ybr_125_negro_p006643-1692682362115.jpeg	46.86	58.58	78.11	100000	10000	\N	t	2023-09-15 01:12:18.95805+00	2023-09-15 01:12:47.312317+00	Jhon Doe	Jhon Doe
TANQUE CGL 125 NEGRO P006645	323	P006645	1	53	tanque_cgl_125_negro_p006645-1692682362117.jpeg	33.3	41.52	55.49	100000	10000	\N	t	2023-09-15 01:12:18.95805+00	2023-09-15 01:12:47.312317+00	Jhon Doe	Jhon Doe
TANQUE GN 125 NEGRO P006650	324	P006650	1	53	tanque_gn_125_negro_p006650-1692682362118.jpeg	31.98	39.98	51.78	100000	10000	\N	t	2023-09-15 01:12:18.95805+00	2023-09-15 01:12:47.312317+00	Jhon Doe	Jhon Doe
TANQUE GN 125 P012682 ROJO P012682	325	P012682	1	53	tanque_gn_125_p012682_rojo_p012682-1692682362120.jpeg	31.98	39.98	51.78	100000	10000	\N	t	2023-09-15 01:12:18.95805+00	2023-09-15 01:12:47.312317+00	Jhon Doe	Jhon Doe
TANQUE GN 125 AZUL P012683	326	P012683	1	53	tanque_gn_125_azul_p012683-1692682362122.jpeg	31.98	39.98	51.78	100000	10000	\N	t	2023-09-15 01:12:18.95805+00	2023-09-15 01:12:47.312317+00	Jhon Doe	Jhon Doe
TANQUE CGL 125 ROJO P012707	327	P012707	1	53	tanque_cgl_125_rojo_p012707-1692682362123.jpeg	33.3	41.52	55.49	100000	10000	\N	t	2023-09-15 01:12:18.95805+00	2023-09-15 01:12:47.312317+00	Jhon Doe	Jhon Doe
TANQUE YBR 125 ROJO P012716	328	P012716	1	53	tanque_ybr_125_rojo_p012716-1692682362125.jpeg	46.86	58.58	78.11	100000	10000	\N	t	2023-09-15 01:12:18.95805+00	2023-09-15 01:12:47.312317+00	Jhon Doe	Jhon Doe
TANQUE YBR 125 AZUL P012718	329	P012718	1	53	tanque_ybr_125_azul_p012718-1692682362127.jpeg	46.86	58.58	78.11	100000	10000	\N	t	2023-09-15 01:12:18.95805+00	2023-09-15 01:12:47.312317+00	Jhon Doe	Jhon Doe
TANQUE YARA 200 P006639	330	P006639	1	53	tanque_yara_200_p006639-1692682362129.jpeg	56.76	70.94	94.59	100000	10000	\N	t	2023-09-15 01:12:18.95805+00	2023-09-15 01:12:47.312317+00	Jhon Doe	Jhon Doe
TANQUE HONDA STOR NEGRO	331	P006842	1	53	tanque_honda_stor_negro-1692682362130.jpeg	53.4	66.76	89.01	100000	10000	\N	t	2023-09-15 01:12:18.95805+00	2023-09-15 01:12:47.312317+00	Jhon Doe	Jhon Doe
TANQUE HONDA STOR 125 ROJO	332	P012665	1	53	tanque_honda_stor_125_rojo-1692682362131.jpeg	53.4	66.76	89.01	100000	10000	\N	t	2023-09-15 01:12:18.95805+00	2023-09-15 01:12:47.312317+00	Jhon Doe	Jhon Doe
TANQUE HONDA STOR AZUL	333	P012666	1	53	tanque_honda_stor_azul-1692682362133.jpeg	53.4	66.76	89.01	100000	10000	\N	t	2023-09-15 01:12:18.95805+00	2023-09-15 01:12:47.312317+00	Jhon Doe	Jhon Doe
TANQUE HONDA STOR GRIS	334	P012667	1	53	tanque_honda_stor_gris-1692682362135.jpeg	53.4	66.76	89.01	100000	10000	\N	t	2023-09-15 01:12:18.95805+00	2023-09-15 01:12:47.312317+00	Jhon Doe	Jhon Doe
TAPON DE TANQUE YARA 200/V-MEN P006611	335	P006611	1	54	v-men_p006611-1692682362136.jpeg	7.38	9.23	12.3	100000	10000	\N	t	2023-09-15 01:12:18.95805+00	2023-09-15 01:12:47.312317+00	Jhon Doe	Jhon Doe
BKIT TRACCION CGL 125 428H-112L-38/15T S000626	336	S000626	1	55	15t_s000626-1692682362137.jpeg	13.88	17.35	23.13	100000	10000	\N	t	2023-09-15 01:12:18.95805+00	2023-09-15 01:12:47.312317+00	Jhon Doe	Jhon Doe
KIT TRACCION CG 125/WY 125 428H-38T/15T-134L S000629	337	S000629	1	55	15t-134l_s000629-1692682362139.jpeg	13.88	17.35	23.13	100000	10000	\N	t	2023-09-15 01:12:18.95805+00	2023-09-15 01:12:47.312317+00	Jhon Doe	Jhon Doe
KIT TRACCION GN 125 428H-43T/14T-118L S000630	338	S000630	1	55	14t-118l_s000630-1692682362140.jpeg	13.88	17.35	23.13	100000	10000	\N	t	2023-09-15 01:12:18.95805+00	2023-09-15 01:12:47.312317+00	Jhon Doe	Jhon Doe
KIT TRACCION GS 125 428-43T/14T P015040	339	P015040	1	55	14t_p015040-1692682362141.jpeg	13.88	17.35	23.13	100000	10000	\N	t	2023-09-15 01:12:18.95805+00	2023-09-15 01:12:47.312317+00	Jhon Doe	Jhon Doe
KIT TRACCION NXR BROSS S000473	340	S000473	1	55	kit_traccion_nxr_bross_s000473-1692682362142.jpeg	15.99	19.99	26.65	100000	10000	\N	t	2023-09-15 01:12:18.95805+00	2023-09-15 01:12:47.312317+00	Jhon Doe	Jhon Doe
KIT TRACCION APACHE 160 S001540	341	S001540	1	55	kit_traccion_apache_160_s001540-1692682362143.jpeg	16.34	20.42	27.22	100000	10000	\N	t	2023-09-15 01:12:18.95805+00	2023-09-15 01:12:47.312317+00	Jhon Doe	Jhon Doe
CAJA DE TRANSMISION CG 125 P005915	342	P005915	1	56	caja_de_transmision_cg_125_p005915-1692682362144.jpeg	35.39	44.24	61.45	100000	10000	\N	t	2023-09-15 01:12:18.95805+00	2023-09-15 01:12:47.312317+00	Jhon Doe	Jhon Doe
CAJA DE TRANSMISION AX 100 P005921	343	P005921	1	56	caja_de_transmision_ax_100_p005921-1692682362145.jpeg	31.93	39.91	53.22	100000	10000	\N	t	2023-09-15 01:12:18.95805+00	2023-09-15 01:12:47.312317+00	Jhon Doe	Jhon Doe
CAJA DE TRANSMISION XM 200 P005916	344	P005916	1	56	caja_de_transmision_xm_200_p005916-1692682362147.jpeg	39.98	49.97	66.63	100000	10000	\N	t	2023-09-15 01:12:18.95805+00	2023-09-15 01:12:47.312317+00	Jhon Doe	Jhon Doe
CAJA DE TRANSMISION YBR 125 P011207	345	P011207	1	56	caja_de_transmision_ybr_125_p011207-1692682362148.jpeg	37.27	46.59	62.12	100000	10000	\N	t	2023-09-15 01:12:18.95805+00	2023-09-15 01:12:47.312317+00	Jhon Doe	Jhon Doe
CAJA DE REVERSA MOTO CARGO P001422	346	P001422	1	56	caja_de_reversa_moto_cargo_p001422-1692682362149.jpeg	146.55	183.19	228.99	100000	10000	\N	t	2023-09-15 01:12:18.95805+00	2023-09-15 01:12:47.312317+00	Jhon Doe	Jhon Doe
CAJA DE TRANSMISION PULSAR 135 P017068	347	P017068	1	56	caja_de_transmision_pulsar_135_p017068-1692682362150.jpeg	42.4	53	70.67	100000	10000	\N	t	2023-09-15 01:12:18.95805+00	2023-09-15 01:12:47.312317+00	Jhon Doe	Jhon Doe
CAJA DE TRANSMISION PULSAR 180 P017069	348	P017069	1	56	caja_de_transmision_pulsar_180_p017069-1692682362151.jpeg	52.75	65.93	87.9	100000	10000	\N	t	2023-09-15 01:12:18.95805+00	2023-09-15 01:12:47.312317+00	Jhon Doe	Jhon Doe
KIT VALVULA DE ADMISION Y ESCAPE CG 125 P002466	349	P002466	1	57	kit_valvula_de_admision_y_escape_cg_125_p002466-1692682362152.jpeg	5.54	6.92	9.23	100000	10000	\N	t	2023-09-15 01:12:18.95805+00	2023-09-15 01:12:47.312317+00	Jhon Doe	Jhon Doe
KIT VALVULA DE ADMISION Y ESCAPE CG 150 P002469	350	P002469	1	57	kit_valvula_de_admision_y_escape_cg_150_p002469-1692682362153.jpeg	5.54	6.92	9.23	100000	10000	\N	t	2023-09-15 01:12:18.95805+00	2023-09-15 01:12:47.312317+00	Jhon Doe	Jhon Doe
KIT VALVULA DE ADMISION Y ESCAPE CG 200 P002471	351	P002471	1	57	kit_valvula_de_admision_y_escape_cg_200_p002471-1692682362155.jpeg	6.46	8.08	10.76	100000	10000	\N	t	2023-09-15 01:12:18.95805+00	2023-09-15 01:12:47.312317+00	Jhon Doe	Jhon Doe
KIT VALVULA DE ADMISION Y ESCAPE GY6 125 P002477	352	P002477	1	57	kit_valvula_de_admision_y_escape_gy6_125_p002477-1692682362156.jpeg	7.32	9.15	12.2	100000	10000	\N	t	2023-09-15 01:12:18.95805+00	2023-09-15 01:12:47.312317+00	Jhon Doe	Jhon Doe
KIT VALVULA DE ADMISION Y ESCAPE YBR 125 P002486	353	P002486	1	57	kit_valvula_de_admision_y_escape_ybr_125_p002486-1692682362157.jpeg	6.46	8.08	10.76	100000	10000	\N	t	2023-09-15 01:12:18.95805+00	2023-09-15 01:12:47.312317+00	Jhon Doe	Jhon Doe
KIT VALVULA DE ADMISION Y ESCAPE GY6 150 P002488	354	P002488	1	57	kit_valvula_de_admision_y_escape_gy6_150_p002488-1692682362158.jpeg	7.93	9.92	13.22	100000	10000	\N	t	2023-09-15 01:12:18.95805+00	2023-09-15 01:12:47.312317+00	Jhon Doe	Jhon Doe
KIT VALVULA DE ADMISION Y ESCAPE YUMBO DAKAR P015566	355	P015566	1	57	kit_valvula_de_admision_y_escape_yumbo_dakar_p015566-1692682362159.jpeg	7.38	9.23	12.3	100000	10000	\N	t	2023-09-15 01:12:18.95805+00	2023-09-15 01:12:47.312317+00	Jhon Doe	Jhon Doe
P002470	356	P002470	1	57	p002470-1692682362161.jpeg	7.38	9.23	12.3	100000	10000	\N	t	2023-09-15 01:12:18.95805+00	2023-09-15 01:12:47.312317+00	Jhon Doe	Jhon Doe
KIT VALVULA DE ADMISION Y ESCAPE WY 125 P002485	357	P002485	1	57	kit_valvula_de_admision_y_escape_wy_125_p002485-1692682362162.jpeg	7.38	9.23	12.3	100000	10000	\N	t	2023-09-15 01:12:18.95805+00	2023-09-15 01:12:47.312317+00	Jhon Doe	Jhon Doe
VALVULA DE GASOLINA GN 125 P006383	358	P006383	1	58	valvula_de_gasolina_gn_125_p006383-1692682362163.jpeg	3.94	4.92	6.15	100000	10000	\N	t	2023-09-15 01:12:18.95805+00	2023-09-15 01:12:47.312317+00	Jhon Doe	Jhon Doe
VALVULA DE GASOLINA CG 150 P006407	359	P006407	1	58	valvula_de_gasolina_cg_150_p006407-1692682362164.jpeg	2.6	3.73	5.33	100000	10000	\N	t	2023-09-15 01:12:18.95805+00	2023-09-15 01:12:47.312317+00	Jhon Doe	Jhon Doe
VALVULA DE GASOLINA CG 125 P006427	360	P006427	1	58	valvula_de_gasolina_cg_125_p006427-1692682362166.jpeg	3.94	4.92	6.15	100000	10000	\N	t	2023-09-15 01:12:18.95805+00	2023-09-15 01:12:47.312317+00	Jhon Doe	Jhon Doe
VALVULA DE GASOLINA CY 80 P006428	361	P006428	1	58	valvula_de_gasolina_cy_80_p006428-1692682362167.jpeg	3.94	4.92	6.15	100000	10000	\N	t	2023-09-15 01:12:18.95805+00	2023-09-15 01:12:47.312317+00	Jhon Doe	Jhon Doe
VALVULA DE GASOLINA DY 100 P006432	362	P006432	1	58	valvula_de_gasolina_dy_100_p006432-1692682362169.jpeg	3.94	4.92	6.15	100000	10000	\N	t	2023-09-15 01:12:18.95805+00	2023-09-15 01:12:47.312317+00	Jhon Doe	Jhon Doe
DISCO DE FRENO TRACERO YARA 200	363	P016156	1	17	disco_de_freno_tracero_yara_200-1692682362170.jpeg	15.95	19.94	26.59	100000	10000	\N	t	2023-09-15 01:12:18.95805+00	2023-09-15 01:12:47.312317+00	Jhon Doe	Jhon Doe
DISCO DE FRENO TRACERO RTX 200 P016962	364	P016962	1	17	disco_de_freno_tracero_rtx_200_p016962-1692682362173.jpeg	16.38	20.48	27.31	100000	10000	\N	t	2023-09-15 01:12:18.95805+00	2023-09-15 01:12:47.312317+00	Jhon Doe	Jhon Doe
CARATULA COMPLETA APACHE NEGRO P010280	365	P010280	1	9	caratula_completa_apache_negro_p010280-1692682362175.jpeg	40.59	50.74	67.65	100000	10000	\N	t	2023-09-15 01:12:18.95805+00	2023-09-15 01:12:47.312317+00	Jhon Doe	Jhon Doe
BALERO DE AGUJA 15/12	366	P002454	1	17	12-1692682362176.jpeg	2.49	3.16	4.15	100000	10000	\N	t	2023-09-15 01:12:18.95805+00	2023-09-15 01:12:47.312317+00	Jhon Doe	Jhon Doe
CABLE DE VELOCIMETRO RX 150/SERPENTO COBRA/HONDA 	367	P016963	1	17	honda_-1692682362177.jpeg	1.85	2.31	5.13	100000	10000	\N	t	2023-09-15 01:12:18.95805+00	2023-09-15 01:12:47.312317+00	Jhon Doe	Jhon Doe
TAPON DE DRENAJE PULSAR 135/BOXER 150-125/PLATINA 125/PULSAR 180/220	368	P011549	1	17	220-1692682362178.jpeg	2.35	3.12	4.15	100000	10000	\N	t	2023-09-15 01:12:18.95805+00	2023-09-15 01:12:47.312317+00	Jhon Doe	Jhon Doe
LLAVIN APACHE 160/180	369	P015543	1	17	180-1692682362179.jpeg	8.79	11	14.66	100000	10000	\N	t	2023-09-15 01:12:18.95805+00	2023-09-15 01:12:47.312317+00	Jhon Doe	Jhon Doe
GUARDAFANGO DELANTERO YBR G 125	371	P012478	1	17	guardafango_delantero_ybr_g_125-1692682362182.jpeg	14.58	18.22	24.29	100000	10000	\N	t	2023-09-15 01:12:18.95805+00	2023-09-15 01:12:47.312317+00	Jhon Doe	Jhon Doe
CAJA DE VELOSIMETRO APACHE 160/180	372	P016138	1	17	180-1692682362183.jpeg	11.38	14.23	18.96	100000	10000	\N	t	2023-09-15 01:12:18.95805+00	2023-09-15 01:12:47.312317+00	Jhon Doe	Jhon Doe
PASTILLAS TRACERAS APACHE 180/200	373	P011532	1	17	200-1692682362184.jpeg	2.05	2.56	5.13	100000	10000	\N	t	2023-09-15 01:12:18.95805+00	2023-09-15 01:12:47.312317+00	Jhon Doe	Jhon Doe
PASTILLAS DELANTERAS YAMAHA SZ	374	P001852	1	17	pastillas_delanteras_yamaha_sz-1692682362186.jpeg	2.05	2.56	5.13	100000	10000	\N	t	2023-09-15 01:12:18.95805+00	2023-09-15 01:12:47.312317+00	Jhon Doe	Jhon Doe
ESCAPE YBR 125	375	P008047	1	17	escape_ybr_125-1692682362187.jpeg	43.49	54.37	72.49	100000	10000	\N	t	2023-09-15 01:12:18.95805+00	2023-09-15 01:12:47.312317+00	Jhon Doe	Jhon Doe
DISCO DE FRENO DELANTERO YBR 5 HOYOS	376	P000379	1	17	disco_de_freno_delantero_ybr_5_hoyos-1692682362188.jpeg	17.19	21.48	28.65	100000	10000	\N	t	2023-09-15 01:12:18.95805+00	2023-09-15 01:12:47.312317+00	Jhon Doe	Jhon Doe
DISCO DE FRENO DELANTERO YBR 6 HOYOS	377	P000378	1	17	disco_de_freno_delantero_ybr_6_hoyos-1692682362190.jpeg	17.19	21.48	28.65	100000	10000	\N	t	2023-09-15 01:12:18.95805+00	2023-09-15 01:12:47.312317+00	Jhon Doe	Jhon Doe
CABLE DE ACELERADOR YBR 125	378	P006823	1	17	cable_de_acelerador_ybr_125-1692682362191.jpeg	1.85	2.31	5.13	100000	10000	\N	t	2023-09-15 01:12:18.95805+00	2023-09-15 01:12:47.312317+00	Jhon Doe	Jhon Doe
TAPON DE CARTER GY 200 P007479	379	P007479	1	17	tapon_de_carter_gy_200_p007479-1692682362192.jpeg	1.81	2.27	3.02	100000	10000	\N	t	2023-09-15 01:12:18.95805+00	2023-09-15 01:12:47.312317+00	Jhon Doe	Jhon Doe
TAPON DE TANQUE YBR 125	380	P006633	1	17	tapon_de_tanque_ybr_125-1692682362193.jpeg	5.04	6.3	8.41	100000	10000	\N	t	2023-09-15 01:12:18.95805+00	2023-09-15 01:12:47.312317+00	Jhon Doe	Jhon Doe
TAPON DE TANQUE PULSAR 135 P016965	381	P016965	1	17	tapon_de_tanque_pulsar_135_p016965-1692682362194.jpeg	17.27	21.59	28.78	100000	10000	\N	t	2023-09-15 01:12:18.95805+00	2023-09-15 01:12:47.312317+00	Jhon Doe	Jhon Doe
TAPON DE TANQUE PULSAR 180 P006615	382	P006615	1	17	tapon_de_tanque_pulsar_180_p006615-1692682362195.jpeg	14.25	17.8	23.74	100000	10000	\N	t	2023-09-15 01:12:18.95805+00	2023-09-15 01:12:47.312317+00	Jhon Doe	Jhon Doe
TAPON DE TANQUE GN 125/ASPI 150/FIRE 125-150/SANLG  GUARIOR 150/	383	P006608	1	17	-1692682362196.jpeg	5.04	6.3	8.41	100000	10000	\N	t	2023-09-15 01:12:18.95805+00	2023-09-15 01:12:47.312317+00	Jhon Doe	Jhon Doe
TAPON DE TANQUE SL 150/NAGA 200/COBRA 150/FORZA 150	384	P006621	1	17	forza_150-1692682362197.jpeg	9.53	11.92	15.89	100000	10000	\N	t	2023-09-15 01:12:18.95805+00	2023-09-15 01:12:47.312317+00	Jhon Doe	Jhon Doe
MANIFULL CG 125/FIRE 125/ASPI15O	385	P002992	1	17	aspi15o-1692682362198.jpeg	2.15	2.7	3.59	100000	10000	\N	t	2023-09-15 01:12:18.95805+00	2023-09-15 01:12:47.312317+00	Jhon Doe	Jhon Doe
CARBURADOR YAMAHA DT125-175	386	P002957	1	17	carburador_yamaha_dt125-175-1692682362199.jpeg	22.26	27.83	37.11	100000	10000	\N	t	2023-09-15 01:12:18.95805+00	2023-09-15 01:12:47.312317+00	Jhon Doe	Jhon Doe
SET PROTECTOR DE MANECILLA TODO TERRENO P008608  NEGRO	387	P008608	1	17	set_protector_de_manecilla_todo_terreno_p008608__negro-1692682362200.jpeg	18.16	22.71	30.28	100000	10000	\N	t	2023-09-15 01:12:18.95805+00	2023-09-15 01:12:47.312317+00	Jhon Doe	Jhon Doe
SET PROTECTOR DE MANECILLA TODO TERRENO BLANCO P016967	388	P016967	1	17	set_protector_de_manecilla_todo_terreno_blanco_p016967-1692682362201.jpeg	18.16	22.71	30.28	100000	10000	\N	t	2023-09-15 01:12:18.95805+00	2023-09-15 01:12:47.312317+00	Jhon Doe	Jhon Doe
SET PROTECTOR DE MANECILLA TODO TERRENO AZUL P016968	389	P016968	1	17	set_protector_de_manecilla_todo_terreno_azul_p016968-1692682362203.jpeg	18.16	22.71	0	100000	10000	\N	t	2023-09-15 01:12:18.95805+00	2023-09-15 01:12:47.312317+00	Jhon Doe	Jhon Doe
SET PROTECTOR DE MANECILLA TODO TERRENO ROJO P012535	390	P012535	1	17	set_protector_de_manecilla_todo_terreno_rojo_p012535-1692682362204.jpeg	18.16	22.71	30.28	100000	10000	\N	t	2023-09-15 01:12:18.95805+00	2023-09-15 01:12:47.312317+00	Jhon Doe	Jhon Doe
SET PROTECTOR DE MANECILLA TODO TERRENO NARANJA P016969	391	P016969	1	17	set_protector_de_manecilla_todo_terreno_naranja_p016969-1692682362205.jpeg	18.16	22.71	30.28	100000	10000	\N	t	2023-09-15 01:12:18.95805+00	2023-09-15 01:12:47.312317+00	Jhon Doe	Jhon Doe
SET PROTECTOR DE MANECILLA TODO TERRENO VERDE P01697	392	P016970	1	17	set_protector_de_manecilla_todo_terreno_verde_p01697-1692682362207.jpeg	18.16	22.71	30.28	100000	10000	\N	t	2023-09-15 01:12:18.95805+00	2023-09-15 01:12:47.312317+00	Jhon Doe	Jhon Doe
FAROL DELANTERO YBR125/HONDA CGL/YAMAHA 110	393	P001036	1	17	yamaha_110-1692682362208.jpeg	11.18	13.98	18.63	100000	10000	\N	t	2023-09-15 01:12:18.95805+00	2023-09-15 01:12:47.312317+00	Jhon Doe	Jhon Doe
CABLE DE ACELERADOR APACHE 160/180	394	P009329	1	17	180-1692682362209.jpeg	2.34	2.92	5.84	100000	10000	\N	t	2023-09-15 01:12:18.95805+00	2023-09-15 01:12:47.312317+00	Jhon Doe	Jhon Doe
CABLE ACELERADOR PULSAR 180 P013548	395	P013548	1	17	cable_acelerador_pulsar_180_p013548-1692682362210.jpeg	1.85	2.31	5.13	100000	10000	\N	t	2023-09-15 01:12:18.95805+00	2023-09-15 01:12:47.312317+00	Jhon Doe	Jhon Doe
EXTRACTOR PARA CUÑA DE VALVULA UNIVERSAL P017071	396	P017071	1	17	extractor_para_cuna_de_valvula_universal_p017071-1692682362211.jpeg	10.15	12.69	16.91	100000	10000	\N	t	2023-09-15 01:12:18.95805+00	2023-09-15 01:12:47.312317+00	Jhon Doe	Jhon Doe
EXTRACTOR DE CADENA	397	P013704	1	17	extractor_de_cadena-1692682362212.jpeg	7.01	8.76	11.69	100000	10000	\N	t	2023-09-15 01:12:18.95805+00	2023-09-15 01:12:47.312317+00	Jhon Doe	Jhon Doe
FILTRO SENTRIFUGO	398	P003877	1	17	filtro_sentrifugo-1692682362213.jpeg	3.41	4.27	5.7	100000	10000	\N	t	2023-09-15 01:12:18.95805+00	2023-09-15 01:12:47.312317+00	Jhon Doe	Jhon Doe
ESCAPE RACING 76X190 P016974	399	P016974	1	17	escape_racing_76x190_p016974-1692682362214.jpeg	22.17	27.71	36.95	100000	10000	\N	t	2023-09-15 01:12:18.95805+00	2023-09-15 01:12:47.312317+00	Jhon Doe	Jhon Doe
ESCAPE RACING 88X200 P016978 NEGRO MATE	400	P016978	1	17	escape_racing_88x200_p016978_negro_mate-1692682362215.jpeg	26.58	31.26	41.68	100000	10000	\N	t	2023-09-15 01:12:18.95805+00	2023-09-15 01:12:47.312317+00	Jhon Doe	Jhon Doe
ESCAPE RACING 76X190 P016976 NIQUELADA	401	P016976	1	17	escape_racing_76x190_p016976_niquelada-1692682362216.jpeg	22.17	27.71	36.95	100000	10000	\N	t	2023-09-15 01:12:18.95805+00	2023-09-15 01:12:47.312317+00	Jhon Doe	Jhon Doe
ESCAPE RACING 88X200 P016979	402	P016979	1	17	escape_racing_88x200_p016979-1692682362218.jpeg	26.58	31.26	41.68	100000	10000	\N	t	2023-09-15 01:12:18.95805+00	2023-09-15 01:12:47.312317+00	Jhon Doe	Jhon Doe
ESCAPE RACING 76X190 P016975	403	P016975	1	17	escape_racing_76x190_p016975-1692682362219.jpeg	22.17	27.71	36.95	100000	10000	\N	t	2023-09-15 01:12:18.95805+00	2023-09-15 01:12:47.312317+00	Jhon Doe	Jhon Doe
ESCAPE RACING 76X190 P016977	404	P016977	1	17	escape_racing_76x190_p016977-1692682362221.jpeg	22.17	27.71	36.95	100000	10000	\N	t	2023-09-15 01:12:18.95805+00	2023-09-15 01:12:47.312317+00	Jhon Doe	Jhon Doe
KIT VALVULA DE ADMISION Y ESCAPE INVICTA 150 P010608	405	P010608	1	17	kit_valvula_de_admision_y_escape_invicta_150_p010608-1692682362222.jpeg	7.18	8.98	11.97	100000	10000	\N	t	2023-09-15 01:12:18.95805+00	2023-09-15 01:12:47.312317+00	Jhon Doe	Jhon Doe
KIT VALVULA DE ADMISION Y ESCAPE INVICTA 125 P014123	406	P014123	1	17	kit_valvula_de_admision_y_escape_invicta_125_p014123-1692682362223.jpeg	7.18	8.98	11.97	100000	10000	\N	t	2023-09-15 01:12:18.95805+00	2023-09-15 01:12:47.312317+00	Jhon Doe	Jhon Doe
KIT VALVULA DE ADMISION Y ESCAPE PULSAR 180 P002463	407	P002463	1	17	kit_valvula_de_admision_y_escape_pulsar_180_p002463-1692682362224.jpeg	8.63	10.79	14.39	100000	10000	\N	t	2023-09-15 01:12:18.95805+00	2023-09-15 01:12:47.312317+00	Jhon Doe	Jhon Doe
BUFA TRACERA XR 150 P009827	408	P009827	1	17	bufa_tracera_xr_150_p009827-1692682362225.jpeg	40.08	50.09	66.79	100000	10000	\N	t	2023-09-15 01:12:18.95805+00	2023-09-15 01:12:47.312317+00	Jhon Doe	Jhon Doe
GUARDAFANGO DELANTERO YBR 125-G NEGRO P007263	409	P007263	1	17	guardafango_delantero_ybr_125-g_negro_p007263-1692682362227.jpeg	14.58	18.22	24.29	100000	10000	\N	t	2023-09-15 01:12:18.95805+00	2023-09-15 01:12:47.312317+00	Jhon Doe	Jhon Doe
GUARDAFANGO DELANTERO YBR 125-G AZUL P012479	410	P012479	1	17	guardafango_delantero_ybr_125-g_azul_p012479-1692682362228.jpeg	14.58	18.22	24.29	100000	10000	\N	t	2023-09-15 01:12:18.95805+00	2023-09-15 01:12:47.312317+00	Jhon Doe	Jhon Doe
MANECILLA DE FRENO GN SOLA P009160	411	P009160	1	17	manecilla_de_freno_gn_sola_p009160-1692682362229.jpeg	1.66	2.21	2.95	100000	10000	\N	t	2023-09-15 01:12:18.95805+00	2023-09-15 01:12:47.312317+00	Jhon Doe	Jhon Doe
MANECILLA DE FRENO SUPRA SOLA/DAKAR P009123	412	P009123	1	17	dakar_p009123-1692682362230.jpeg	1.66	2.21	2.95	100000	10000	\N	t	2023-09-15 01:12:18.95805+00	2023-09-15 01:12:47.312317+00	Jhon Doe	Jhon Doe
MANIFULL PULSAR 135 P015684	413	P015684	1	17	manifull_pulsar_135_p015684-1692682362231.jpeg	3.87	4.85	6.46	100000	10000	\N	t	2023-09-15 01:12:18.95805+00	2023-09-15 01:12:47.312317+00	Jhon Doe	Jhon Doe
VARILLA DE FRENO CG 125 P000422	414	P000422	1	17	varilla_de_freno_cg_125_p000422-1692682362232.jpeg	2.02	2.7	3.59	100000	10000	\N	t	2023-09-15 01:12:18.95805+00	2023-09-15 01:12:47.312317+00	Jhon Doe	Jhon Doe
VARILLA DE FRENO YBR 125 P000448	415	P000448	1	17	varilla_de_freno_ybr_125_p000448-1692682362233.jpeg	2.02	2.7	3.59	100000	10000	\N	t	2023-09-15 01:12:18.95805+00	2023-09-15 01:12:47.312317+00	Jhon Doe	Jhon Doe
DEFENSA GN 125 P017070	420	P017070	1	17	defensa_gn_125_p017070-1692682362239.jpeg	14.66	18.33	24.44	100000	10000	\N	t	2023-09-15 01:12:18.95805+00	2023-09-15 01:12:47.312317+00	Jhon Doe	Jhon Doe
PECHERA APACHE 160/180 BLANCA P017073	421	P017073	1	17	180_blanca_p017073-1692682362241.jpeg	21.53	26.91	35.88	100000	10000	\N	t	2023-09-15 01:12:18.95805+00	2023-09-15 01:12:47.312317+00	Jhon Doe	Jhon Doe
PECHERA APACHE 160/180 NEGRO P017072	422	P017072	1	17	180_negro_p017072-1692682362242.jpeg	21.53	26.91	35.88	100000	10000	\N	t	2023-09-15 01:12:18.95805+00	2023-09-15 01:12:47.312317+00	Jhon Doe	Jhon Doe
PECHERA APACHE 160/180 ROJO P017074	423	P017074	1	17	180_rojo_p017074-1692682362243.jpeg	21.53	26.91	35.88	100000	10000	\N	t	2023-09-15 01:12:18.95805+00	2023-09-15 01:12:47.312317+00	Jhon Doe	Jhon Doe
HULE CON GANCHO P002458 YOG	424	P002458	1	17	hule_con_gancho_p002458_yog-1692682362244.jpeg	1.48	1.85	2.46	100000	10000	\N	t	2023-09-15 01:12:18.95805+00	2023-09-15 01:12:47.312317+00	Jhon Doe	Jhon Doe
KIT TRACCION GS ##COMPLETO## S001577	425	S001577	1	17	kit_traccion_gs_##completo##_s001577-1692682362245.jpeg	13.88	17.35	23.13	100000	10000	\N	t	2023-09-15 01:12:18.95805+00	2023-09-15 01:12:47.312317+00	Jhon Doe	Jhon Doe
CARATULA COMPLETA NXR 125 NEGRO P001050	426	P001050	1	9	caratula_completa_nxr_125_negro_p001050-1692682362246.jpeg	23.09	28.86	38.49	100000	10000	\N	t	2023-09-15 01:12:18.95805+00	2023-09-15 01:12:47.312317+00	Jhon Doe	Jhon Doe
CARATULA COMPLETA NXR 125 ROJO P011978	427	P011978	1	9	caratula_completa_nxr_125_rojo_p011978-1692682362247.jpeg	23.09	28.86	38.49	100000	10000	\N	t	2023-09-15 01:12:18.95805+00	2023-09-15 01:12:47.312317+00	Jhon Doe	Jhon Doe
RESORTE DE PATA DE FRENO GN P000531	428	P000531	1	9	resorte_de_pata_de_freno_gn_p000531-1692682362248.jpeg	0.68	0.85	1.13	100000	10000	\N	t	2023-09-15 01:12:18.95805+00	2023-09-15 01:12:47.312317+00	Jhon Doe	Jhon Doe
RESORTE DE PATA DE FRENO CGL 125 P000530	429	P000530	1	9	resorte_de_pata_de_freno_cgl_125_p000530-1692682362249.jpeg	0.68	0.85	1.13	100000	10000	\N	t	2023-09-15 01:12:18.95805+00	2023-09-15 01:12:47.312317+00	Jhon Doe	Jhon Doe
RESORTE DE PATA DE PARQUEO GN 125 P000309	430	P000309	1	9	resorte_de_pata_de_parqueo_gn_125_p000309-1692682362250.jpeg	0.77	0.96	1.28	100000	10000	\N	t	2023-09-15 01:12:18.95805+00	2023-09-15 01:12:47.312317+00	Jhon Doe	Jhon Doe
RESORTE DE PATA DE PARQUEO CGL 125 P000308	431	P000308	1	9	resorte_de_pata_de_parqueo_cgl_125_p000308-1692682362252.jpeg	0.77	0.96	1.28	100000	10000	\N	t	2023-09-15 01:12:18.95805+00	2023-09-15 01:12:47.312317+00	Jhon Doe	Jhon Doe
RESORTE TRIKET GN 125 P005726	432	P005726	1	9	resorte_triket_gn_125_p005726-1692682362253.jpeg	0.77	0.96	1.28	100000	10000	\N	t	2023-09-15 01:12:18.95805+00	2023-09-15 01:12:47.312317+00	Jhon Doe	Jhon Doe
CLUTCH YBR 125 P004102	433	P004102	1	9	clutch_ybr_125_p004102-1692682362254.jpeg	37.71	47.14	62.85	100000	10000	\N	t	2023-09-15 01:12:18.95805+00	2023-09-15 01:12:47.312317+00	Jhon Doe	Jhon Doe
CLUTCH CG 200 73 DIENTES P004100	434	P004100	1	9	clutch_cg_200_73_dientes_p004100-1692682362256.jpeg	28.25	35.3	47.08	100000	10000	\N	t	2023-09-15 01:12:18.95805+00	2023-09-15 01:12:47.312317+00	Jhon Doe	Jhon Doe
ESTRIBO CENTRAL GN P008288	435	P008288	1	9	estribo_central_gn_p008288-1692682362257.jpeg	7.53	9.42	12.56	100000	10000	\N	t	2023-09-15 01:12:18.95805+00	2023-09-15 01:12:47.312317+00	Jhon Doe	Jhon Doe
DISCO DE FRENO DELANTERO XL 200 P000373	436	P000373	1	9	disco_de_freno_delantero_xl_200_p000373-1692682362259.jpeg	20.39	25.48	33.98	100000	10000	\N	t	2023-09-15 01:12:18.95805+00	2023-09-15 01:12:47.312317+00	Jhon Doe	Jhon Doe
REGULADOR DE CORRIENTE 6 LINEAS	437	P002381	1	9	regulador_de_corriente_6_lineas-1692682362260.jpeg	8.49	10.61	14.15	100000	10000	\N	t	2023-09-15 01:12:18.95805+00	2023-09-15 01:12:47.312317+00	Jhon Doe	Jhon Doe
DISCO DE FRENO DELANTERO XTZ 125 P000374	438	P000374	1	9	disco_de_freno_delantero_xtz_125_p000374-1692682362261.jpeg	18.39	22.99	30.65	100000	10000	\N	t	2023-09-15 01:12:18.95805+00	2023-09-15 01:12:47.312317+00	Jhon Doe	Jhon Doe
CABLE DE FRENO CGL 125 P000552	439	P000552	1	9	cable_de_freno_cgl_125_p000552-1692682362262.jpeg	1.85	2.31	4.61	100000	10000	\N	t	2023-09-15 01:12:18.95805+00	2023-09-15 01:12:47.312317+00	Jhon Doe	Jhon Doe
CAPUCHON DE BUJIA PULSAR 180 P017219	440	P017219	1	9	capuchon_de_bujia_pulsar_180_p017219-1692682362263.jpeg	1.89	2.36	3.14	100000	10000	\N	t	2023-09-15 01:12:18.95805+00	2023-09-15 01:12:47.312317+00	Jhon Doe	Jhon Doe
SET BARRA DE SUSPENCION GN/FORZA/SL 150/ 150 31 MM P010167	441	P010167	1	9	_150_31_mm_p010167-1692682362264.jpeg	74.26	92.82	123.78	100000	10000	\N	t	2023-09-15 01:12:18.95805+00	2023-09-15 01:12:47.312317+00	Jhon Doe	Jhon Doe
CAJA DE TRANSMISION XR 150 P016851	442	P016851	1	9	caja_de_transmision_xr_150_p016851-1692682362265.jpeg	58.35	72.94	97.25	100000	10000	\N	t	2023-09-15 01:12:18.95805+00	2023-09-15 01:12:47.312317+00	Jhon Doe	Jhon Doe
ESPEJO V-MEN DERECHO P001438	443	P001438	1	9	espejo_v-men_derecho_p001438-1692682362267.jpeg	5.9	7.89	9.84	100000	10000	\N	t	2023-09-15 01:12:18.95805+00	2023-09-15 01:12:47.312317+00	Jhon Doe	Jhon Doe
PROTECTOR DE MANECILLA YOG VERDE/PLASTICO	444	P012534	1	9	plastico-1692682362268.jpeg	13.78	17.22	21.53	100000	10000	\N	t	2023-09-15 01:12:18.95805+00	2023-09-15 01:12:47.312317+00	Jhon Doe	Jhon Doe
PROTECTOR DE MANECILLA YOG BLANCO P012533/PLASTICO	445	P012533	1	9	plastico-1692682362269.jpeg	13.78	17.22	21.53	100000	10000	\N	t	2023-09-15 01:12:18.95805+00	2023-09-15 01:12:47.312317+00	Jhon Doe	Jhon Doe
PROTECTOR DE MANECILLA YOG ROJO P012531/PLASTICO	446	P012531	1	9	plastico-1692682362270.jpeg	13.78	17.22	21.53	100000	10000	\N	t	2023-09-15 01:12:18.95805+00	2023-09-15 01:12:47.312317+00	Jhon Doe	Jhon Doe
PROTECTOR DE MANECILLA YOG NEGRO P008607/PLASTICO	447	P008607	1	9	plastico-1692682362272.jpeg	13.78	17.22	21.53	100000	10000	\N	t	2023-09-15 01:12:18.95805+00	2023-09-15 01:12:47.312317+00	Jhon Doe	Jhon Doe
PROTECTOR DE MANECILLA YOG AMARILLO P012532/PLASTICO	448	P012532	1	9	plastico-1692682362273.jpeg	13.78	17.22	21.53	100000	10000	\N	t	2023-09-15 01:12:18.95805+00	2023-09-15 01:12:47.312317+00	Jhon Doe	Jhon Doe
PROTECTOR DE MANECILLA YOG NARANJA P017221	449	P017221	1	9	protector_de_manecilla_yog_naranja_p017221-1692682362274.jpeg	13.78	17.22	21.53	100000	10000	\N	t	2023-09-15 01:12:18.95805+00	2023-09-15 01:12:47.312317+00	Jhon Doe	Jhon Doe
CDI RACING P011297	450	P011297	1	9	cdi_racing_p011297-1692682362275.jpeg	7.2	9	11.99	100000	10000	\N	t	2023-09-15 01:12:18.95805+00	2023-09-15 01:12:47.312317+00	Jhon Doe	Jhon Doe
PROTECTOR DE BARRA YOG P010622	451	P010622	1	9	protector_de_barra_yog_p010622-1692682362276.jpeg	5.76	7.2	9.59	100000	10000	\N	t	2023-09-15 01:12:18.95805+00	2023-09-15 01:12:47.312317+00	Jhon Doe	Jhon Doe
PROTECTOR DE BARRA YOG P017240	452	P017240	1	9	protector_de_barra_yog_p017240-1692682362277.jpeg	5.76	7.2	9.59	100000	10000	\N	t	2023-09-15 01:12:18.95805+00	2023-09-15 01:12:47.312317+00	Jhon Doe	Jhon Doe
PROTECTOR DE BARRA YOG P017234	453	P017234	1	9	protector_de_barra_yog_p017234-1692682362279.jpeg	5.76	7.2	9.59	100000	10000	\N	t	2023-09-15 01:12:18.95805+00	2023-09-15 01:12:47.312317+00	Jhon Doe	Jhon Doe
MANUBRIO YBR 125	454	P001926	1	9	manubrio_ybr_125-1692682362280.jpeg	8.11	10.14	13.52	100000	10000	\N	t	2023-09-15 01:12:18.95805+00	2023-09-15 01:12:47.312317+00	Jhon Doe	Jhon Doe
DISCO DE FRENO DELANTERO XR 150 P016821	455	P016821	1	9	disco_de_freno_delantero_xr_150_p016821-1692682362281.jpeg	21.29	26.61	35.49	100000	10000	\N	t	2023-09-15 01:12:18.95805+00	2023-09-15 01:12:47.312317+00	Jhon Doe	Jhon Doe
MANGUERA DE FRENO DELANTERA /120CM XL 200 P017230	456	P017230	1	9	120cm_xl_200_p017230-1692682362282.jpeg	11.99	15	19.99	100000	10000	\N	t	2023-09-15 01:12:18.95805+00	2023-09-15 01:12:47.312317+00	Jhon Doe	Jhon Doe
MANGUERA DE FRENO TRACERA 60 CM P017231	457	P017231	1	9	manguera_de_freno_tracera_60_cm_p017231-1692682362283.jpeg	8.92	11.15	14.86	100000	10000	\N	t	2023-09-15 01:12:18.95805+00	2023-09-15 01:12:47.312317+00	Jhon Doe	Jhon Doe
MANGUERA DE FRENO TRACERA 80 CM P017232	458	P017232	1	9	manguera_de_freno_tracera_80_cm_p017232-1692682362284.jpeg	10.15	12.69	16.91	100000	10000	\N	t	2023-09-15 01:12:18.95805+00	2023-09-15 01:12:47.312317+00	Jhon Doe	Jhon Doe
MANGUERA DE FRENO TRACERO 100 CM P017233	459	P017233	1	9	manguera_de_freno_tracero_100_cm_p017233-1692682362285.jpeg	11.01	13.77	18.35	100000	10000	\N	t	2023-09-15 01:12:18.95805+00	2023-09-15 01:12:47.312317+00	Jhon Doe	Jhon Doe
CABLE ACELERADOR FZ 16 P006772	460	P006772	1	9	cable_acelerador_fz_16_p006772-1692682362286.jpeg	1.85	2.31	4.61	100000	10000	\N	t	2023-09-15 01:12:18.95805+00	2023-09-15 01:12:47.312317+00	Jhon Doe	Jhon Doe
RELAY APACHE 180 P010529	461	P010529	1	9	relay_apache_180_p010529-1692682362288.jpeg	6.15	7.69	10.25	100000	10000	\N	t	2023-09-15 01:12:18.95805+00	2023-09-15 01:12:47.312317+00	Jhon Doe	Jhon Doe
RELAY PULSAR 180 P009282	462	P009282	1	9	relay_pulsar_180_p009282-1692682362289.jpeg	6.28	7.86	10.48	100000	10000	\N	t	2023-09-15 01:12:18.95805+00	2023-09-15 01:12:47.312317+00	Jhon Doe	Jhon Doe
BOMBILLO DE LAGRIMA 12V ROJO P012623	463	P012623	1	9	bombillo_de_lagrima_12v_rojo_p012623-1692682362290.jpeg	0.23	0.28	0.36	100000	10000	\N	t	2023-09-15 01:12:18.95805+00	2023-09-15 01:12:47.312317+00	Jhon Doe	Jhon Doe
BOMBILLO DE LAGRIMA 12 V AZUL P010903	464	P010903	1	9	bombillo_de_lagrima_12_v_azul_p010903-1692682362291.jpeg	0.23	0.28	0.36	100000	10000	\N	t	2023-09-15 01:12:18.95805+00	2023-09-15 01:12:47.312317+00	Jhon Doe	Jhon Doe
BOMBILLO DE LAGRIMA 12V BLANCO P005133	465	P005133	1	9	bombillo_de_lagrima_12v_blanco_p005133-1692682362292.jpeg	0.23	0.28	0.36	100000	10000	\N	t	2023-09-15 01:12:18.95805+00	2023-09-15 01:12:47.312317+00	Jhon Doe	Jhon Doe
ESTRELLA SELECTORA Y SELECTOR DE VELOCIDAD CG 150  P017227	466	P017227	1	9	estrella_selectora_y_selector_de_velocidad_cg_150__p017227-1692682362293.jpeg	4.61	5.77	7.69	100000	10000	\N	t	2023-09-15 01:12:18.95805+00	2023-09-15 01:12:47.312317+00	Jhon Doe	Jhon Doe
CLUTCH XR 150 P014136	467	P014136	1	9	clutch_xr_150_p014136-1692682362294.jpeg	56.38	70.47	93.96	100000	10000	\N	t	2023-09-15 01:12:18.95805+00	2023-09-15 01:12:47.312317+00	Jhon Doe	Jhon Doe
EJE DE ARRANQUE YBR 125 P007019	468	P007019	1	9	eje_de_arranque_ybr_125_p007019-1692682362295.jpeg	16.67	20.84	27.78	100000	10000	\N	t	2023-09-15 01:12:18.95805+00	2023-09-15 01:12:47.312317+00	Jhon Doe	Jhon Doe
PIÑON DE CONTRAPESA YBR 125 P017228	469	P017228	1	9	pinon_de_contrapesa_ybr_125_p017228-1692682362296.jpeg	23.18	28.97	38.62	100000	10000	\N	t	2023-09-15 01:12:18.95805+00	2023-09-15 01:12:47.312317+00	Jhon Doe	Jhon Doe
CILINDRO FZ 16 150 S000607	470	S000607	1	9	cilindro_fz_16_150_s000607-1692682362297.jpeg	41.88	52.36	69.8	100000	10000	\N	t	2023-09-15 01:12:18.95805+00	2023-09-15 01:12:47.312317+00	Jhon Doe	Jhon Doe
MORDAZA PULSAR 180 DELANTERA P005414	471	P005414	1	9	mordaza_pulsar_180_delantera_p005414-1692682362299.jpeg	26.01	32.52	43.36	100000	10000	\N	t	2023-09-15 01:12:18.95805+00	2023-09-15 01:12:47.312317+00	Jhon Doe	Jhon Doe
PATITA DE FRENO GN 125 P017229	472	P017229	1	9	patita_de_freno_gn_125_p017229-1692682362300.jpeg	2.58	3.23	4.31	100000	10000	\N	t	2023-09-15 01:12:18.95805+00	2023-09-15 01:12:47.312317+00	Jhon Doe	Jhon Doe
LEVA DE CLUTCH V-MEN P004133	473	P004133	1	9	leva_de_clutch_v-men_p004133-1692682362301.jpeg	3.36	4.2	5.6	100000	10000	\N	t	2023-09-15 01:12:18.95805+00	2023-09-15 01:12:47.312317+00	Jhon Doe	Jhon Doe
REGULADOR DE CORRIENTE BOXER BM 150 P002373	474	P002373	1	9	regulador_de_corriente_boxer_bm_150_p002373-1692682362302.jpeg	10.41	13.03	17.36	100000	10000	\N	t	2023-09-15 01:12:18.95805+00	2023-09-15 01:12:47.312317+00	Jhon Doe	Jhon Doe
SET ESLAIDER UNIVERSAL ROJO P017235	475	P017235	1	9	set_eslaider_universal_rojo_p017235-1692682362304.jpeg	9.15	11.44	15.25	100000	10000	\N	t	2023-09-15 01:12:18.95805+00	2023-09-15 01:12:47.312317+00	Jhon Doe	Jhon Doe
SET ESLAIDER UNIVERSAL AZUL P017236	476	P017236	1	9	set_eslaider_universal_azul_p017236-1692682362305.jpeg	9.15	11.44	15.25	100000	10000	\N	t	2023-09-15 01:12:18.95805+00	2023-09-15 01:12:47.312317+00	Jhon Doe	Jhon Doe
SET ESLAIDER UNIVERSAL PLATEADO P017237	477	P017237	1	9	set_eslaider_universal_plateado_p017237-1692682362306.jpeg	9.15	11.44	15.25	100000	10000	\N	t	2023-09-15 01:12:18.95805+00	2023-09-15 01:12:47.312317+00	Jhon Doe	Jhon Doe
SET ESLAIDER UNIVERSAL NEGRO P017239	478	P017239	1	9	set_eslaider_universal_negro_p017239-1692682362308.jpeg	9.15	11.44	15.25	100000	10000	\N	t	2023-09-15 01:12:18.95805+00	2023-09-15 01:12:47.312317+00	Jhon Doe	Jhon Doe
CARATULA COMPLETA XR 150 BLANCO P017222	479	P017222	1	9	caratula_completa_xr_150_blanco_p017222-1692682362310.jpeg	26.55	33.18	44.24	100000	10000	\N	t	2023-09-15 01:12:18.95805+00	2023-09-15 01:12:47.312317+00	Jhon Doe	Jhon Doe
CARATULA COMPLETA XR 150 NEGRO P017224	480	P017224	1	9	caratula_completa_xr_150_negro_p017224-1692682362312.jpeg	26.55	33.18	44.24	100000	10000	\N	t	2023-09-15 01:12:18.95805+00	2023-09-15 01:12:47.312317+00	Jhon Doe	Jhon Doe
CARATULA COMPLETA XR 150 ROJO P017223	481	P017223	1	9	caratula_completa_xr_150_rojo_p017223-1692682362314.jpeg	26.55	33.18	44.24	100000	10000	\N	t	2023-09-15 01:12:18.95805+00	2023-09-15 01:12:47.312317+00	Jhon Doe	Jhon Doe
CARATULA COMPLETA NXR 125 BLANCO P017225	482	P017225	1	9	caratula_completa_nxr_125_blanco_p017225-1692682362316.jpeg	23.09	28.86	38.49	100000	10000	\N	t	2023-09-15 01:12:18.95805+00	2023-09-15 01:12:47.312317+00	Jhon Doe	Jhon Doe
CLUTCH CG 150 70 DIENTES P014799	483	P014799	1	9	clutch_cg_150_70_dientes_p014799-1692682362317.jpeg	28.25	35.3	47.08	100000	10000	\N	t	2023-09-15 01:12:18.95805+00	2023-09-15 01:12:47.312317+00	Jhon Doe	Jhon Doe
PASTILLA CBF 160 P001831	484	P001831	1	9	pastilla_cbf_160_p001831-1692682362319.jpeg	3.08	3.84	5.13	100000	10000	\N	t	2023-09-15 01:12:18.95805+00	2023-09-15 01:12:47.312317+00	Jhon Doe	Jhon Doe
EJE DE CAMBIO YARA 200/CG 125/CG 150 P000134	485	P000134	1	9	cg_150_p000134-1692682362322.jpeg	7.07	8.82	11.76	100000	10000	\N	t	2023-09-15 01:12:18.95805+00	2023-09-15 01:12:47.312317+00	Jhon Doe	Jhon Doe
VELOCIMETRO V-MEN P007611	486	P007611	1	9	velocimetro_v-men_p007611-1692682362323.jpeg	7	8.76	11.68	100000	10000	\N	t	2023-09-15 01:12:18.95805+00	2023-09-15 01:12:47.312317+00	Jhon Doe	Jhon Doe
VELOCIMETRO GN 125 P007618	487	P007618	1	9	velocimetro_gn_125_p007618-1692682362324.jpeg	4.18	5.22	6.96	100000	10000	\N	t	2023-09-15 01:12:18.95805+00	2023-09-15 01:12:47.312317+00	Jhon Doe	Jhon Doe
EJE DE ARRANQUE YARA 200/CG 125/CG 150 P007031	488	P007031	1	9	cg_150_p007031-1692682362326.jpeg	11.44	14.31	19.08	100000	10000	\N	t	2023-09-15 01:12:18.95805+00	2023-09-15 01:12:47.312317+00	Jhon Doe	Jhon Doe
DISCO DE FRENO DELANTERO CBF 125/INVICTA P011243	489	P011243	1	9	invicta_p011243-1692682362327.jpeg	18.38	22.98	30.64	100000	10000	\N	t	2023-09-15 01:12:18.95805+00	2023-09-15 01:12:47.312317+00	Jhon Doe	Jhon Doe
PASTILLA TT 200/ZH P001859	490	P001859	1	9	zh_p001859-1692682362328.jpeg	2.05	2.56	5.13	100000	10000	\N	t	2023-09-15 01:12:18.95805+00	2023-09-15 01:12:47.312317+00	Jhon Doe	Jhon Doe
PASTILLA PULSAR 220 TRACERA P015607	491	P015607	1	9	pastilla_pulsar_220_tracera_p015607-1692682362329.jpeg	2.05	2.56	5.13	100000	10000	\N	t	2023-09-15 01:12:18.95805+00	2023-09-15 01:12:47.312317+00	Jhon Doe	Jhon Doe
FILTRO DE ACEITE GNAPACHE 160/APACHE 180 125 P003885	492	P003885	1	9	apache_180_125_p003885-1692682362331.jpeg	1.64	2.05	2.56	100000	10000	\N	t	2023-09-15 01:12:18.95805+00	2023-09-15 01:12:47.312317+00	Jhon Doe	Jhon Doe
RESORTE DE AMPOLLETA DE FRENO CG 200 P002509	493	P002509	1	9	resorte_de_ampolleta_de_freno_cg_200_p002509-1692682362332.jpeg	0.66	0.83	1.1	100000	10000	\N	t	2023-09-15 01:12:18.95805+00	2023-09-15 01:12:47.312317+00	Jhon Doe	Jhon Doe
FILTRO DE AIRE PULSAR NS 200 P010415	494	P010415	1	9	filtro_de_aire_pulsar_ns_200_p010415-1692682362334.jpeg	4.62	5.78	7.7	100000	10000	\N	t	2023-09-15 01:12:18.95805+00	2023-09-15 01:12:47.312317+00	Jhon Doe	Jhon Doe
MANECILLA DE CLUTCH RACING YOG NEGRO P017802	495	P017802	1	9	manecilla_de_clutch_racing_yog_negro_p017802-1692682362336.jpeg	40.3	50.38	67.17	100000	10000	\N	t	2023-09-15 01:12:18.95805+00	2023-09-15 01:12:47.312317+00	Jhon Doe	Jhon Doe
MANECILLA DE CLUTCH RACING YOG DORADO P017801	496	P017801	1	9	manecilla_de_clutch_racing_yog_dorado_p017801-1692682362338.jpeg	40.3	50.38	67.17	100000	10000	\N	t	2023-09-15 01:12:18.95805+00	2023-09-15 01:12:47.312317+00	Jhon Doe	Jhon Doe
MANECILLA DE CLUTCH RACING YOG AZUL P017800	497	P017800	1	9	manecilla_de_clutch_racing_yog_azul_p017800-1692682362340.jpeg	40.3	50.38	67.17	100000	10000	\N	t	2023-09-15 01:12:18.95805+00	2023-09-15 01:12:47.312317+00	Jhon Doe	Jhon Doe
MANECILLA DE CLUTCH RACING YOG ROJO P017799	498	P017799	1	9	manecilla_de_clutch_racing_yog_rojo_p017799-1692682362342.jpeg	40.3	50.38	67.17	100000	10000	\N	t	2023-09-15 01:12:18.95805+00	2023-09-15 01:12:47.312317+00	Jhon Doe	Jhon Doe
HULE DE CATARINA PULSAR 180 P003077	499	P003077	1	9	hule_de_catarina_pulsar_180_p003077-1692682362343.jpeg	3.46	4.32	5.76	100000	10000	\N	t	2023-09-15 01:12:18.95805+00	2023-09-15 01:12:47.312317+00	Jhon Doe	Jhon Doe
KIT EJE DE TIJERA GN 125 S001644 14X225	500	S001644	1	9	kit_eje_de_tijera_gn_125_s001644_14x225-1692682362344.jpeg	7.77	9.71	12.95	100000	10000	\N	t	2023-09-15 01:12:18.95805+00	2023-09-15 01:12:47.312317+00	Jhon Doe	Jhon Doe
VALVULA DE AIRE YOG P016866	501	P016866	1	9	valvula_de_aire_yog_p016866-1692682362348.jpeg	1.26	1.58	2.25	100000	10000	\N	t	2023-09-15 01:12:18.95805+00	2023-09-15 01:12:47.312317+00	Jhon Doe	Jhon Doe
FILTRO DE AIRE YBR 125 P010182	502	P010182	1	9	filtro_de_aire_ybr_125_p010182-1692682362349.jpeg	4.02	5.3	7.14	100000	10000	\N	t	2023-09-15 01:12:18.95805+00	2023-09-15 01:12:47.312317+00	Jhon Doe	Jhon Doe
BALINERA DE ARRANQUE CG 150 P006948	503	P006948	1	9	balinera_de_arranque_cg_150_p006948-1692682362351.jpeg	10.74	13.43	17.9	100000	10000	\N	t	2023-09-15 01:12:18.95805+00	2023-09-15 01:12:47.312317+00	Jhon Doe	Jhon Doe
BALINERA DE ARRANQUE YARA 200 P007157	504	P007157	1	9	balinera_de_arranque_yara_200_p007157-1692682362353.jpeg	12.24	15.3	20.4	100000	10000	\N	t	2023-09-15 01:12:18.95805+00	2023-09-15 01:12:47.312317+00	Jhon Doe	Jhon Doe
BANCADA CG 200 P008686	505	P008686	1	9	bancada_cg_200_p008686-1692682362354.jpeg	10.74	13.43	17.9	100000	10000	\N	t	2023-09-15 01:12:18.95805+00	2023-09-15 01:12:47.312317+00	Jhon Doe	Jhon Doe
ESPEJO V-MEN ##ROSCA INVERSA## P017220	506	P017220	1	9	espejo_v-men_##rosca_inversa##_p017220-1692682362357.jpeg	5.9	8.09	10.09	100000	10000	\N	t	2023-09-15 01:12:18.95805+00	2023-09-15 01:12:47.312317+00	Jhon Doe	Jhon Doe
PROTECTOR DE TANQUE YOG NEGRO P006023	507	P006023	1	9	protector_de_tanque_yog_negro_p006023-1692682362358.jpeg	2.18	2.73	3.64	100000	10000	\N	t	2023-09-15 01:12:18.95805+00	2023-09-15 01:12:47.312317+00	Jhon Doe	Jhon Doe
PROTECTOR DE TANQUE YOG P013180 ROJO	508	P013180	1	9	protector_de_tanque_yog_p013180_rojo-1692682362360.jpeg	2.18	2.73	3.64	100000	10000	\N	t	2023-09-15 01:12:18.95805+00	2023-09-15 01:12:47.312317+00	Jhon Doe	Jhon Doe
PROTECTOR DE TANQUE YOG P013181 NARANJA	509	P013181	1	9	protector_de_tanque_yog_p013181_naranja-1692682362361.jpeg	2.18	2.73	3.64	100000	10000	\N	t	2023-09-15 01:12:18.95805+00	2023-09-15 01:12:47.312317+00	Jhon Doe	Jhon Doe
PROTECTOR DE TANQUE YOG P013182 AZUL	510	P013182	1	9	protector_de_tanque_yog_p013182_azul-1692682362362.jpeg	2.18	2.73	3.64	100000	10000	\N	t	2023-09-15 01:12:18.95805+00	2023-09-15 01:12:47.312317+00	Jhon Doe	Jhon Doe
PROTECTOR DE TANQUE YOG P013183 GRIS	511	P013183	1	9	protector_de_tanque_yog_p013183_gris-1692682362364.jpeg	2.18	2.73	3.64	100000	10000	\N	t	2023-09-15 01:12:18.95805+00	2023-09-15 01:12:47.312317+00	Jhon Doe	Jhon Doe
PROTECTOR DE TANQUE YOG P013184 VERDE	512	P013184	1	9	protector_de_tanque_yog_p013184_verde-1692682362366.jpeg	2.18	2.73	3.64	100000	10000	\N	t	2023-09-15 01:12:18.95805+00	2023-09-15 01:12:47.312317+00	Jhon Doe	Jhon Doe
FORRO DE ASIENTO YOG P016151 XXL	513	P016151	1	9	forro_de_asiento_yog_p016151_xxl-1692682362367.jpeg	3.53	4.41	5.88	100000	10000	\N	t	2023-09-15 01:12:18.95805+00	2023-09-15 01:12:47.312317+00	Jhon Doe	Jhon Doe
PAJILLA YOG P015588 ROJO	514	P015588	1	9	pajilla_yog_p015588_rojo-1692682362368.jpeg	3.42	4.28	5.7	100000	10000	\N	t	2023-09-15 01:12:18.95805+00	2023-09-15 01:12:47.312317+00	Jhon Doe	Jhon Doe
PAJILLA YOG NARANJA P015587	515	P015587	1	9	pajilla_yog_naranja_p015587-1692682362369.jpeg	3.42	4.28	5.7	100000	10000	\N	t	2023-09-15 01:12:18.95805+00	2023-09-15 01:12:47.312317+00	Jhon Doe	Jhon Doe
PAJILLA YOG P015586 AZUL	516	P015586	1	9	pajilla_yog_p015586_azul-1692682362371.jpeg	3.42	4.28	5.7	100000	10000	\N	t	2023-09-15 01:12:18.95805+00	2023-09-15 01:12:47.312317+00	Jhon Doe	Jhon Doe
PAJILLA YOG P015584 VERDE	517	P015584	1	9	pajilla_yog_p015584_verde-1692682362372.jpeg	3.42	4.28	5.7	100000	10000	\N	t	2023-09-15 01:12:18.95805+00	2023-09-15 01:12:47.312317+00	Jhon Doe	Jhon Doe
PAJILLA YOG P017820 BLANCO	518	P017820	1	9	pajilla_yog_p017820_blanco-1692682362373.jpeg	3.42	4.28	5.7	100000	10000	\N	t	2023-09-15 01:12:18.95805+00	2023-09-15 01:12:47.312317+00	Jhon Doe	Jhon Doe
BOMBILLO H4 YOG P008245 35W  P43T	519	P008245	1	9	bombillo_h4_yog_p008245_35w__p43t-1692682362374.jpeg	1.61	2.01	2.68	100000	10000	\N	t	2023-09-15 01:12:18.95805+00	2023-09-15 01:12:47.312317+00	Jhon Doe	Jhon Doe
CARATULA COMPLETA SL 150-9 ROJO P017813	520	P017813	1	9	caratula_completa_sl_150-9_rojo_p017813-1692682362376.jpeg	38.99	48.74	64.98	100000	10000	\N	t	2023-09-15 01:12:18.95805+00	2023-09-15 01:12:47.312317+00	Jhon Doe	Jhon Doe
CARATULA COMPLETA SL 150-9 AZUL P017814	521	P017814	1	9	caratula_completa_sl_150-9_azul_p017814-1692682362377.jpeg	38.99	48.74	64.98	100000	10000	\N	t	2023-09-15 01:12:18.95805+00	2023-09-15 01:12:47.312317+00	Jhon Doe	Jhon Doe
CARATULA COMPLETA SL 150-9 NEGRO P017815	522	P017815	1	9	caratula_completa_sl_150-9_negro_p017815-1692682362379.jpeg	38.99	48.74	64.98	100000	10000	\N	t	2023-09-15 01:12:18.95805+00	2023-09-15 01:12:47.312317+00	Jhon Doe	Jhon Doe
MANGUILLO UNIVERSAL YOG #1 P014780 ROJO	523	P014780	1	9	manguillo_universal_yog_#1_p014780_rojo-1692682362380.jpeg	3.4	4.25	5.67	100000	10000	\N	t	2023-09-15 01:12:18.95805+00	2023-09-15 01:12:47.312317+00	Jhon Doe	Jhon Doe
MANGUILLO UNIVERSAL YOG #2 P014781 AZUL	524	P014781	1	9	manguillo_universal_yog_#2_p014781_azul-1692682362382.jpeg	3.4	4.25	5.67	100000	10000	\N	t	2023-09-15 01:12:18.95805+00	2023-09-15 01:12:47.312317+00	Jhon Doe	Jhon Doe
MANGUILLO UNIVERSAL YOG #3 P014782 VERDE	525	P014782	1	9	manguillo_universal_yog_#3_p014782_verde-1692682362384.jpeg	3.4	4.25	5.67	100000	10000	\N	t	2023-09-15 01:12:18.95805+00	2023-09-15 01:12:47.312317+00	Jhon Doe	Jhon Doe
MANGUILLO UNIVERSAL YOG #4 P017789 DORADO	526	P017789	1	9	manguillo_universal_yog_#4_p017789_dorado-1692682362385.jpeg	3.4	4.25	5.67	100000	10000	\N	t	2023-09-15 01:12:18.95805+00	2023-09-15 01:12:47.312317+00	Jhon Doe	Jhon Doe
MANGUILLO UNIVERSAL YOG #5 P017790 NEGRO	527	P017790	1	9	manguillo_universal_yog_#5_p017790_negro-1692682362387.jpeg	3.4	4.25	5.67	100000	10000	\N	t	2023-09-15 01:12:18.95805+00	2023-09-15 01:12:47.312317+00	Jhon Doe	Jhon Doe
KIT CELLO DE MOTOR DTK P008425	528	P008425	1	9	kit_cello_de_motor_dtk_p008425-1692682362388.jpeg	4.17	5.25	6.95	100000	10000	\N	t	2023-09-15 01:12:18.95805+00	2023-09-15 01:12:47.312317+00	Jhon Doe	Jhon Doe
KIT EMPAQUE COMPLETO DAKAR 200/CB 200 P009921	529	P009921	1	9	cb_200_p009921-1692682362390.jpeg	6.15	7.69	10.25	100000	10000	\N	t	2023-09-15 01:12:18.95805+00	2023-09-15 01:12:47.312317+00	Jhon Doe	Jhon Doe
KIT EMPAQUE MEDIO CG 200 P010211	530	P010211	1	9	kit_empaque_medio_cg_200_p010211-1692682362392.jpeg	2.48	3.11	4.14	100000	10000	\N	t	2023-09-15 01:12:18.95805+00	2023-09-15 01:12:47.312317+00	Jhon Doe	Jhon Doe
PORTA PLACA RACING AZUL P017785	531	P017785	1	9	porta_placa_racing_azul_p017785-1692682362393.jpeg	19.91	24.88	33.18	100000	10000	\N	t	2023-09-15 01:12:18.95805+00	2023-09-15 01:12:47.312317+00	Jhon Doe	Jhon Doe
PORTA PLACA RACING ROJO P017786	532	P017786	1	9	porta_placa_racing_rojo_p017786-1692682362395.jpeg	19.91	24.88	33.18	100000	10000	\N	t	2023-09-15 01:12:18.95805+00	2023-09-15 01:12:47.312317+00	Jhon Doe	Jhon Doe
PORTA PLACA RACING NEGRO P017787	533	P017787	1	9	porta_placa_racing_negro_p017787-1692682362396.jpeg	19.91	24.88	33.18	100000	10000	\N	t	2023-09-15 01:12:18.95805+00	2023-09-15 01:12:47.312317+00	Jhon Doe	Jhon Doe
PORTA PLACA RACING DORADA P017788	534	P017788	1	9	porta_placa_racing_dorada_p017788-1692682362397.jpeg	19.91	24.88	33.18	100000	10000	\N	t	2023-09-15 01:12:18.95805+00	2023-09-15 01:12:47.312317+00	Jhon Doe	Jhon Doe
FILTRO DE ACEITE PULSAR NS 200 P011531	535	P011531	1	9	filtro_de_aceite_pulsar_ns_200_p011531-1692682362398.jpeg	3.4	4.25	5.67	100000	10000	\N	t	2023-09-15 01:12:18.95805+00	2023-09-15 01:12:47.312317+00	Jhon Doe	Jhon Doe
CABLE VELOCIMETRO CBF 125 P017791	536	P017791	1	9	cable_velocimetro_cbf_125_p017791-1692682362399.jpeg	1.85	2.31	4.61	100000	10000	\N	t	2023-09-15 01:12:18.95805+00	2023-09-15 01:12:47.312317+00	Jhon Doe	Jhon Doe
KIT BUSHING DE CATARINA CG 125 S000020	537	S000020	1	9	kit_bushing_de_catarina_cg_125_s000020-1692682362401.jpeg	4.08	5.1	6.8	100000	10000	\N	t	2023-09-15 01:12:18.95805+00	2023-09-15 01:12:47.312317+00	Jhon Doe	Jhon Doe
KIT PIÑON DE TERCERA CGL 125 P005930	538	P005930	1	9	kit_pinon_de_tercera_cgl_125_p005930-1692682362402.jpeg	6.26	7.83	10.44	100000	10000	\N	t	2023-09-15 01:12:18.95805+00	2023-09-15 01:12:47.312317+00	Jhon Doe	Jhon Doe
GUARDAFANGO DELANTERO XR 150 BLANCO P017795	539	P017795	1	9	guardafango_delantero_xr_150_blanco_p017795-1692682362403.jpeg	13.79	17.24	22.99	100000	10000	\N	t	2023-09-15 01:12:18.95805+00	2023-09-15 01:12:47.312317+00	Jhon Doe	Jhon Doe
GUARDAFANDO DELANTERO XR 150 ROJO P017796	540	P017796	1	9	guardafando_delantero_xr_150_rojo_p017796-1692682362405.jpeg	13.79	17.24	22.99	100000	10000	\N	t	2023-09-15 01:12:18.95805+00	2023-09-15 01:12:47.312317+00	Jhon Doe	Jhon Doe
GUARDAFANDO DELANTERO XR 150 NEGRO P017797	541	P017797	1	9	guardafando_delantero_xr_150_negro_p017797-1692682362407.jpeg	13.79	17.24	22.99	100000	10000	\N	t	2023-09-15 01:12:18.95805+00	2023-09-15 01:12:47.312317+00	Jhon Doe	Jhon Doe
GUARDAFANGO DELANTERO XR 150 AZUL P017798	542	P017798	1	9	guardafango_delantero_xr_150_azul_p017798-1692682362408.jpeg	13.79	17.24	22.99	100000	10000	\N	t	2023-09-15 01:12:18.95805+00	2023-09-15 01:12:47.312317+00	Jhon Doe	Jhon Doe
CLUTCH PULSAR 135 P017803	543	P017803	1	9	clutch_pulsar_135_p017803-1692682362410.jpeg	51.52	64.39	85.86	100000	10000	\N	t	2023-09-15 01:12:18.95805+00	2023-09-15 01:12:47.312317+00	Jhon Doe	Jhon Doe
TANQUE SL 150-9 NEGRO P017809	544	P017809	1	9	tanque_sl_150-9_negro_p017809-1692682362411.jpeg	66.55	83.19	110.92	100000	10000	\N	t	2023-09-15 01:12:18.95805+00	2023-09-15 01:12:47.312317+00	Jhon Doe	Jhon Doe
PAJILLA YOG NEGRO P017821	545	P017821	1	9	pajilla_yog_negro_p017821-1692682362413.jpeg	3.42	4.28	5.7	100000	10000	\N	t	2023-09-15 01:12:18.95805+00	2023-09-15 01:12:47.312317+00	Jhon Doe	Jhon Doe
PASTILLA YBR 125-G DELANTERA P001828	546	P001828	1	9	pastilla_ybr_125-g_delantera_p001828-1692682362414.jpeg	2.05	2.56	5.13	100000	10000	\N	t	2023-09-15 01:12:18.95805+00	2023-09-15 01:12:47.312317+00	Jhon Doe	Jhon Doe
ESTRIBO CGL 125 CENTRAL C/PATA P009000	547	P009000	1	9	pata_p009000-1692682362416.jpeg	11.81	14.76	19.68	100000	10000	\N	t	2023-09-15 01:12:18.95805+00	2023-09-15 01:12:47.312317+00	Jhon Doe	Jhon Doe
KIT BIELA NAGA 200 P011105	548	P011105	1	9	kit_biela_naga_200_p011105-1692682362417.jpeg	18.73	23.42	31.22	100000	10000	\N	t	2023-09-15 01:12:18.95805+00	2023-09-15 01:12:47.312317+00	Jhon Doe	Jhon Doe
HULE DE TANQUE CGL 125 P006624	549	P006624	1	9	hule_de_tanque_cgl_125_p006624-1692682362418.jpeg	0.75	0.94	1.25	100000	10000	\N	t	2023-09-15 01:12:18.95805+00	2023-09-15 01:12:47.312317+00	Jhon Doe	Jhon Doe
KIT PERNO DE CATARINA GN 125 P000807	550	P000807	1	9	kit_perno_de_catarina_gn_125_p000807-1692682362420.jpeg	2.7	3.78	4.5	100000	10000	\N	t	2023-09-15 01:12:18.95805+00	2023-09-15 01:12:47.312317+00	Jhon Doe	Jhon Doe
PORTA PLACA PULSAR 135 P017822	551	P017822	1	9	porta_placa_pulsar_135_p017822-1692682362422.jpeg	11.81	14.76	19.68	100000	10000	\N	t	2023-09-15 01:12:18.95805+00	2023-09-15 01:12:47.312317+00	Jhon Doe	Jhon Doe
HULE DE CATARINA CBF 150 P017824	552	P017824	1	9	hule_de_catarina_cbf_150_p017824-1692682362431.jpeg	3.46	4.32	5.76	100000	10000	\N	t	2023-09-15 01:12:18.95805+00	2023-09-15 01:12:47.312317+00	Jhon Doe	Jhon Doe
CARBURADOR YBR 125 P014135	553	P014135	1	9	carburador_ybr_125_p014135-1692682362433.jpeg	41.4	51.75	69	100000	10000	\N	t	2023-09-15 01:12:18.95805+00	2023-09-15 01:12:47.312317+00	Jhon Doe	Jhon Doe
PORTA PLACA PULSAR NS 200 P017846	554	P017846	1	9	porta_placa_pulsar_ns_200_p017846-1692682362436.jpeg	12.62	15.77	21.03	100000	10000	\N	t	2023-09-15 01:12:18.95805+00	2023-09-15 01:12:47.312317+00	Jhon Doe	Jhon Doe
ASIENTO SL 150-9 P017917	555	P017917	1	9	asiento_sl_150-9_p017917-1692682362438.jpeg	24.79	30.98	41.31	100000	10000	\N	t	2023-09-15 01:12:18.95805+00	2023-09-15 01:12:47.312317+00	Jhon Doe	Jhon Doe
CILINDRO NXR 125 BROSS S000572	556	S000572	1	9	cilindro_nxr_125_bross_s000572-1692682362440.jpeg	41.65	52	69.42	100000	10000	\N	t	2023-09-15 01:12:18.95805+00	2023-09-15 01:12:47.312317+00	Jhon Doe	Jhon Doe
KIT EMPAQUE COMPLETO UM 200 DSF P009939	557	P009939	1	9	kit_empaque_completo_um_200_dsf_p009939-1692682362441.jpeg	5.29	7.06	7.41	100000	10000	\N	t	2023-09-15 01:12:18.95805+00	2023-09-15 01:12:47.312317+00	Jhon Doe	Jhon Doe
KIT EMPAQUE MEDIO CGL 125 P010196	558	P010196	1	9	kit_empaque_medio_cgl_125_p010196-1692682362443.jpeg	2.76	3.45	4.6	100000	10000	\N	t	2023-09-15 01:12:18.95805+00	2023-09-15 01:12:47.312317+00	Jhon Doe	Jhon Doe
KIT EMPAQUE MEDIO CGL 150 P010208	559	P010208	1	9	kit_empaque_medio_cgl_150_p010208-1692682362444.jpeg	2.76	3.45	4.6	100000	10000	\N	t	2023-09-15 01:12:18.95805+00	2023-09-15 01:12:47.312317+00	Jhon Doe	Jhon Doe
KIT CELLO DE MOTOR C 70 P008470	560	P008470	1	9	kit_cello_de_motor_c_70_p008470-1692682362446.jpeg	4.17	5.25	6.95	100000	10000	\N	t	2023-09-15 01:12:18.95805+00	2023-09-15 01:12:47.312317+00	Jhon Doe	Jhon Doe
TOLBA TRACERA SL 150-9 SET ROJO P017810	561	P017810	1	9	tolba_tracera_sl_150-9_set_rojo_p017810-1692682362447.jpeg	19.08	23.84	31.78	100000	10000	\N	t	2023-09-15 01:12:18.95805+00	2023-09-15 01:12:47.312317+00	Jhon Doe	Jhon Doe
TOLBA TRACERA SL 150-9 SET NEGRO P017812	562	P017812	1	9	tolba_tracera_sl_150-9_set_negro_p017812-1692682362449.jpeg	19.08	23.84	31.78	100000	10000	\N	t	2023-09-15 01:12:18.95805+00	2023-09-15 01:12:47.312317+00	Jhon Doe	Jhon Doe
TOLBA LATERAL SL 150-9 SET ROJO P017817	563	P017817	1	9	tolba_lateral_sl_150-9_set_rojo_p017817-1692682362450.jpeg	15.69	19.62	26.16	100000	10000	\N	t	2023-09-15 01:12:18.95805+00	2023-09-15 01:12:47.312317+00	Jhon Doe	Jhon Doe
TOLBA LATERAL SL 150-9 SET NEGRO P017819	564	P017819	1	9	tolba_lateral_sl_150-9_set_negro_p017819-1692682362451.jpeg	15.69	19.62	26.16	100000	10000	\N	t	2023-09-15 01:12:18.95805+00	2023-09-15 01:12:47.312317+00	Jhon Doe	Jhon Doe
TABLERO SL 150-9 P004995	565	P004995	1	9	tablero_sl_150-9_p004995-1692682362453.jpeg	27.74	34.68	46.24	100000	10000	\N	t	2023-09-15 01:12:18.95805+00	2023-09-15 01:12:47.312317+00	Jhon Doe	Jhon Doe
RIN TRACERO SL 150-9 P007732	567	P007732	1	9	rin_tracero_sl_150-9_p007732-1692682362456.jpeg	62.81	78.51	104.68	100000	10000	\N	t	2023-09-15 01:12:18.95805+00	2023-09-15 01:12:47.312317+00	Jhon Doe	Jhon Doe
TABLERO FIRE 125/GN 125 NUEVA P017823	568	P017823	1	9	gn_125_nueva_p017823-1692682362457.jpeg	26.12	32.65	43.54	100000	10000	\N	t	2023-09-15 01:12:18.95805+00	2023-09-15 01:12:47.312317+00	Jhon Doe	Jhon Doe
STOP CGL 125 P005675	569	P005675	1	9	stop_cgl_125_p005675-1692682362458.jpeg	8.58	10.73	14.31	100000	10000	\N	t	2023-09-15 01:12:18.95805+00	2023-09-15 01:12:47.312317+00	Jhon Doe	Jhon Doe
ESPEJO UNIVERSAL 10 MM SETP017792	570	P017792	1	9	espejo_universal_10_mm_setp017792-1692682362460.jpeg	3.75	4.69	6.25	100000	10000	\N	t	2023-09-15 01:12:18.95805+00	2023-09-15 01:12:47.312317+00	Jhon Doe	Jhon Doe
AMORTIGUADOR APACHE 180 SET P017804	571	P017804	1	9	amortiguador_apache_180_set_p017804-1692682362462.jpeg	61.17	76.46	101.95	100000	10000	\N	t	2023-09-15 01:12:18.95805+00	2023-09-15 01:12:47.312317+00	Jhon Doe	Jhon Doe
AMORTIGUADOR PULSAR 180 SET P017825	572	P017825	1	9	amortiguador_pulsar_180_set_p017825-1692682362463.jpeg	55.27	69.09	92.12	100000	10000	\N	t	2023-09-15 01:12:18.95805+00	2023-09-15 01:12:47.312317+00	Jhon Doe	Jhon Doe
SET TOLBA TRACERA SL 150 -9 AZUL P017811	573	P017811	1	9	set_tolba_tracera_sl_150_-9_azul_p017811-1692682362465.jpeg	19.08	23.84	31.78	100000	10000	\N	t	2023-09-15 01:12:18.95805+00	2023-09-15 01:12:47.312317+00	Jhon Doe	Jhon Doe
SET TOLBA LATERAL 	574	P017818	1	9	set_tolba_lateral_-1692682362466.jpeg	15.69	19.62	26.16	100000	10000	\N	t	2023-09-15 01:12:18.95805+00	2023-09-15 01:12:47.312317+00	Jhon Doe	Jhon Doe
LODERA TRACERA SL 150-9 P017816	575	P017816	1	9	lodera_tracera_sl_150-9_p017816-1692682362467.jpeg	11.97	14.96	19.95	100000	10000	\N	t	2023-09-15 01:12:18.95805+00	2023-09-15 01:12:47.312317+00	Jhon Doe	Jhon Doe
KIT EJE DE TIJERA XM 200 S001657	576	S001657	1	9	kit_eje_de_tijera_xm_200_s001657-1692682362468.jpeg	10.96	13.7	18.27	100000	10000	\N	t	2023-09-15 01:12:18.95805+00	2023-09-15 01:12:47.312317+00	Jhon Doe	Jhon Doe
CATARINA DEFENDER 150 43T P018078	577	P018078	1	9	catarina_defender_150_43t_p018078-1692682362469.jpeg	8.58	10.71	14.28	100000	10000	\N	t	2023-09-15 01:12:18.95805+00	2023-09-15 01:12:47.312317+00	Jhon Doe	Jhon Doe
CATARINA DEFENDER 150 47T P018079	578	P018079	1	9	catarina_defender_150_47t_p018079-1692682362471.jpeg	9.76	12.2	16.26	100000	10000	\N	t	2023-09-15 01:12:18.95805+00	2023-09-15 01:12:47.312317+00	Jhon Doe	Jhon Doe
CATARINA DEFENFER 150 50T P018080	579	P018080	1	9	catarina_defenfer_150_50t_p018080-1692682362473.jpeg	10.8	13.5	18	100000	10000	\N	t	2023-09-15 01:12:18.95805+00	2023-09-15 01:12:47.312317+00	Jhon Doe	Jhon Doe
DEFENSA PULSAR 135 P010686	580	P010686	1	9	defensa_pulsar_135_p010686-1692682362474.jpeg	12.93	16.16	21.55	100000	10000	\N	t	2023-09-15 01:12:18.95805+00	2023-09-15 01:12:47.312317+00	Jhon Doe	Jhon Doe
GUARDAFANGO DELANTERO FORZA/WY 125 NARANJA P017805	581	P017805	1	9	wy_125_naranja_p017805-1692682362475.jpeg	16.05	20.06	26.75	100000	10000	\N	t	2023-09-15 01:12:18.95805+00	2023-09-15 01:12:47.312317+00	Jhon Doe	Jhon Doe
GUARDAFANGO DELANTERO 	582	P017806	1	9	guardafango_delantero_-1692682362476.jpeg	16.05	20.06	26.75	100000	10000	\N	t	2023-09-15 01:12:18.95805+00	2023-09-15 01:12:47.312317+00	Jhon Doe	Jhon Doe
STOP SL 150-9 P017794	583	P017794	1	9	stop_sl_150-9_p017794-1692682362477.jpeg	9	11.25	15	100000	10000	\N	t	2023-09-15 01:12:18.95805+00	2023-09-15 01:12:47.312317+00	Jhon Doe	Jhon Doe
BOMBA DE ACEITE DSR 200 P016686	584	P016686	1	9	bomba_de_aceite_dsr_200_p016686-1692682362479.jpeg	6.48	8.1	10.8	100000	10000	\N	t	2023-09-15 01:12:18.95805+00	2023-09-15 01:12:47.312317+00	Jhon Doe	Jhon Doe
MANGUILLO CGL 125 P018077	585	P018077	1	9	manguillo_cgl_125_p018077-1692682362480.jpeg	2.97	3.71	4.95	100000	10000	\N	t	2023-09-15 01:12:18.95805+00	2023-09-15 01:12:47.312317+00	Jhon Doe	Jhon Doe
BOMBA DE FRENO TRACERO SMX 200 P018081	586	P018081	1	9	bomba_de_freno_tracero_smx_200_p018081-1692682362481.jpeg	10.88	13.6	18.13	100000	10000	\N	t	2023-09-15 01:12:18.95805+00	2023-09-15 01:12:47.312317+00	Jhon Doe	Jhon Doe
ESPEJO GXT 200 SET P001456	587	P001456	1	9	espejo_gxt_200_set_p001456-1692682362482.jpeg	5.76	7.2	9.6	100000	10000	\N	t	2023-09-15 01:12:18.95805+00	2023-09-15 01:12:47.312317+00	Jhon Doe	Jhon Doe
TOLBA LATERAL CG 125 P000216 NEGRO	588	P000216	1	60	tolba_lateral_cg_125_p000216_negro-1692682362483.jpeg	8.61	10.76	14.35	100000	10000	\N	t	2023-09-15 01:12:18.95805+00	2023-09-15 01:12:47.312317+00	Jhon Doe	Jhon Doe
TOLBA LATERAL GN 125 P000228 NEGRO	589	P000228	1	60	tolba_lateral_gn_125_p000228_negro-1692682362484.jpeg	8.61	10.76	14.35	100000	10000	\N	t	2023-09-15 01:12:18.95805+00	2023-09-15 01:12:47.312317+00	Jhon Doe	Jhon Doe
TOLBA LATERAL JH 125 P000242 NEGRO	590	P000242	1	60	tolba_lateral_jh_125_p000242_negro-1692682362485.jpeg	8.61	10.76	14.35	100000	10000	\N	t	2023-09-15 01:12:18.95805+00	2023-09-15 01:12:47.312317+00	Jhon Doe	Jhon Doe
TOLBA LATERAL CG 125 P011759 ROJO	591	P011759	1	60	tolba_lateral_cg_125_p011759_rojo-1692682362487.jpeg	8.61	10.76	14.35	100000	10000	\N	t	2023-09-15 01:12:18.95805+00	2023-09-15 01:12:47.312317+00	Jhon Doe	Jhon Doe
TOLBA LATERAL CG 125 P011761 AZUL	592	P011761	1	60	tolba_lateral_cg_125_p011761_azul-1692682362489.jpeg	8.61	10.76	14.35	99998	9997	\N	t	2023-09-15 01:12:18.95805+00	2023-09-15 01:12:47.312317+00	Jhon Doe	Jhon Doe
TOLBA LATERAL GN 125 P011807 ROJO	593	P011807	1	60	tolba_lateral_gn_125_p011807_rojo-1692682362490.jpeg	8.61	10.76	14.35	100000	10000	\N	t	2023-09-15 01:12:18.95805+00	2023-09-15 01:12:47.312317+00	Jhon Doe	Jhon Doe
TOLBA LATERAL GN 125 P011808 AZUL	594	P011808	1	60	tolba_lateral_gn_125_p011808_azul-1692682362492.jpeg	8.61	10.76	14.35	99999	10000	\N	t	2023-09-15 01:12:18.95805+00	2023-09-15 01:12:47.312317+00	Jhon Doe	Jhon Doe
TOLBA LATERAL JH 125 P011835 ROJO	595	P011835	1	60	tolba_lateral_jh_125_p011835_rojo-1692682362493.jpeg	8.61	10.76	14.35	99999	10000	\N	t	2023-09-15 01:12:18.95805+00	2023-09-15 01:12:47.312317+00	Jhon Doe	Jhon Doe
TAPADERA DE MAGNETO YARA 200 P016357	596	P016357	1	61	tapadera_de_magneto_yara_200_p016357-1692682362494.jpeg	14.27	17.84	23.79	100000	10000	\N	t	2023-09-15 01:12:18.95805+00	2023-09-15 01:12:47.312317+00	Jhon Doe	Jhon Doe
ASIENTO CGL 125 P006124	603	P006124	1	63	asiento_cgl_125_p006124-1692682362502.jpeg	23.99	29.98	39.98	100000	10000	\N	t	2023-09-15 01:12:18.95805+00	2023-09-15 01:12:47.312317+00	Jhon Doe	Jhon Doe
ASIENTO XY 200 P006126	604	P006126	1	63	asiento_xy_200_p006126-1692682362504.jpeg	35.92	44.9	59.86	100000	10000	\N	t	2023-09-15 01:12:18.95805+00	2023-09-15 01:12:47.312317+00	Jhon Doe	Jhon Doe
ASIENTO GN 125 P006134	605	P006134	1	63	asiento_gn_125_p006134-1692682362505.jpeg	23.99	29.98	39.98	100000	10000	\N	t	2023-09-15 01:12:18.95805+00	2023-09-15 01:12:47.312317+00	Jhon Doe	Jhon Doe
AMORTIGUADOR CGL 125 SETP002703	606	P002703	1	64	amortiguador_cgl_125_setp002703-1692682362507.jpeg	26.57	33.21	44.28	100000	10000	\N	t	2023-09-15 01:12:18.95805+00	2023-09-15 01:12:47.312317+00	Jhon Doe	Jhon Doe
AMORTIGUADOR GN 125 SETP002712	607	P002712	1	64	amortiguador_gn_125_setp002712-1692682362508.jpeg	24.35	30.44	40.59	100000	10000	\N	t	2023-09-15 01:12:18.95805+00	2023-09-15 01:12:47.312317+00	Jhon Doe	Jhon Doe
AMORTIGUADOR XL 125 SETP002723	608	P002723	1	64	amortiguador_xl_125_setp002723-1692682362509.jpeg	29.52	36.89	49.19	99998	10000	\N	t	2023-09-15 01:12:18.95805+00	2023-09-15 01:12:47.312317+00	Jhon Doe	Jhon Doe
AMORTIGUADOR YBR 125 SETP002764	609	P002764	1	64	amortiguador_ybr_125_setp002764-1692682362510.jpeg	26.38	32.98	43.97	100000	10000	\N	t	2023-09-15 01:12:18.95805+00	2023-09-15 01:12:47.312317+00	Jhon Doe	Jhon Doe
AMPOLLETA DE FRENO TRACERO CG 125 P000383	610	P000383	1	65	ampolleta_de_freno_tracero_cg_125_p000383-1692682362512.jpeg	1.07	1.33	2.31	100000	10000	\N	t	2023-09-15 01:12:18.95805+00	2023-09-15 01:12:47.312317+00	Jhon Doe	Jhon Doe
AMPOLLETA DE FRENO DELANTERA UNIVERSAL 	611	P001814	1	65	ampolleta_de_freno_delantera_universal_-1692682362514.jpeg	1.2	1.5	2	100000	10000	\N	t	2023-09-15 01:12:18.95805+00	2023-09-15 01:12:47.312317+00	Jhon Doe	Jhon Doe
AMPOLLETA DE VELOCIDAD CG 125/ZJ 125B P005397	612	P005397	1	65	zj_125b_p005397-1692682362515.jpeg	3.69	4.61	6.15	99998	10000	\N	t	2023-09-15 01:12:18.95805+00	2023-09-15 01:12:47.312317+00	Jhon Doe	Jhon Doe
AMPOLLETA DE VELOCIDAD GN 125 P005404	613	P005404	1	65	ampolleta_de_velocidad_gn_125_p005404-1692682362517.jpeg	3.57	4.46	5.95	100000	10000	\N	t	2023-09-15 01:12:18.95805+00	2023-09-15 01:12:47.312317+00	Jhon Doe	Jhon Doe
AMPOLLETA DE VELOCIDAD CG 125/ZJ 125A P005396	614	P005396	1	65	zj_125a_p005396-1692682362518.jpeg	3.69	4.61	6.15	100000	10000	\N	t	2023-09-15 01:12:18.95805+00	2023-09-15 01:12:47.312317+00	Jhon Doe	Jhon Doe
ARBOL DE LEVA CGL 125 P005248	615	P005248	1	66	arbol_de_leva_cgl_125_p005248-1692682362519.jpeg	10.46	13.07	17.43	100000	10000	\N	t	2023-09-15 01:12:18.95805+00	2023-09-15 01:12:47.312317+00	Jhon Doe	Jhon Doe
ARBOL DE LEVA GXT 200 P005261	616	P005261	1	66	arbol_de_leva_gxt_200_p005261-1692682362521.jpeg	22.14	27.68	36.9	100000	10000	\N	t	2023-09-15 01:12:18.95805+00	2023-09-15 01:12:47.312317+00	Jhon Doe	Jhon Doe
ARBOL DE LEVA CBF 125 P005340	617	P005340	1	66	arbol_de_leva_cbf_125_p005340-1692682362522.jpeg	18.42	23.02	30.7	100000	10000	\N	t	2023-09-15 01:12:18.95805+00	2023-09-15 01:12:47.312317+00	Jhon Doe	Jhon Doe
ARBOL DE LEVA DAKAR 200 P005370	618	P005370	1	66	arbol_de_leva_dakar_200_p005370-1692682362523.jpeg	14.64	18.3	24.4	99998	10000	\N	t	2023-09-15 01:12:18.95805+00	2023-09-15 01:12:47.312317+00	Jhon Doe	Jhon Doe
ARBOL DE LEVA YBR 125 P005374	619	P005374	1	66	arbol_de_leva_ybr_125_p005374-1692682362524.jpeg	15.93	19.91	26.55	100000	10000	\N	t	2023-09-15 01:12:18.95805+00	2023-09-15 01:12:47.312317+00	Jhon Doe	Jhon Doe
ARBOL DE LEVA PULSAR 135 P011354	620	P011354	1	66	arbol_de_leva_pulsar_135_p011354-1692682362525.jpeg	15.93	19.91	26.55	100000	10000	\N	t	2023-09-15 01:12:18.95805+00	2023-09-15 01:12:47.312317+00	Jhon Doe	Jhon Doe
ARBOL DE LEVA XL 200 P005361	621	P005361	1	66	arbol_de_leva_xl_200_p005361-1692682362526.jpeg	15.99	19.99	26.65	100000	10000	\N	t	2023-09-15 01:12:18.95805+00	2023-09-15 01:12:47.312317+00	Jhon Doe	Jhon Doe
ARBOL DE LEVA PULSAR 180 P011355	622	P011355	1	66	arbol_de_leva_pulsar_180_p011355-1692682362528.jpeg	17.11	21.38	28.51	100000	10000	\N	t	2023-09-15 01:12:18.95805+00	2023-09-15 01:12:47.312317+00	Jhon Doe	Jhon Doe
KIT BALANCIN YBR 125 P004727	623	P004727	1	4	kit_balancin_ybr_125_p004727-1692682362529.jpeg	5.84	7.3	9.76	100000	10000	\N	t	2023-09-15 01:12:18.95805+00	2023-09-15 01:12:47.312317+00	Jhon Doe	Jhon Doe
KIT BALANCIN DAKAR 200 P004729	624	P004729	1	4	kit_balancin_dakar_200_p004729-1692682362530.jpeg	6.15	7.69	10.25	100000	10000	\N	t	2023-09-15 01:12:18.95805+00	2023-09-15 01:12:47.312317+00	Jhon Doe	Jhon Doe
KIT BALANCIN PULSAR 135 P011356	625	P011356	1	4	kit_balancin_pulsar_135_p011356-1692682362532.jpeg	11.69	14.61	19.48	100000	10000	\N	t	2023-09-15 01:12:18.95805+00	2023-09-15 01:12:47.312317+00	Jhon Doe	Jhon Doe
KIT BALANCIN C/PASADOR CG 125 S000541	626	S000541	1	4	pasador_cg_125_s000541-1692682362533.jpeg	5.23	6.54	8.71	100000	10000	\N	t	2023-09-15 01:12:18.95805+00	2023-09-15 01:12:47.312317+00	Jhon Doe	Jhon Doe
KIT BALANCIN PULSAR 180 P004723	627	P004723	1	4	kit_balancin_pulsar_180_p004723-1692682362534.jpeg	12.45	15.57	20.76	100000	10000	\N	t	2023-09-15 01:12:18.95805+00	2023-09-15 01:12:47.312317+00	Jhon Doe	Jhon Doe
BANCADA CG 125 P008687	628	P008687	1	4	bancada_cg_125_p008687-1692682362535.jpeg	9.84	12.3	16.4	100000	10000	\N	t	2023-09-15 01:12:18.95805+00	2023-09-15 01:12:47.312317+00	Jhon Doe	Jhon Doe
KIT BALANCIN PULSAR NS 200 P011357	629	P011357	1	4	kit_balancin_pulsar_ns_200_p011357-1692682362537.jpeg	13.5	16.87	22.5	100000	10000	\N	t	2023-09-15 01:12:18.95805+00	2023-09-15 01:12:47.312317+00	Jhon Doe	Jhon Doe
KIT BALANCIN INVICTA P004724	630	P004724	1	4	kit_balancin_invicta_p004724-1692682362538.jpeg	12.62	15.77	21.03	99999	10000	\N	t	2023-09-15 01:12:18.95805+00	2023-09-15 01:12:47.312317+00	Jhon Doe	Jhon Doe
BALERO 6201 2RS P005950	631	P005950	1	67	balero_6201_2rs_p005950-1692682362541.jpeg	1.69	2.11	2.82	100000	10000	\N	t	2023-09-15 01:12:18.95805+00	2023-09-15 01:12:47.312317+00	Jhon Doe	Jhon Doe
BALINERA DE ARRANQUE CG 125 P006956	632	P006956	1	68	balinera_de_arranque_cg_125_p006956-1692682362543.jpeg	6.92	8.65	11.53	100000	10000	\N	t	2023-09-15 01:12:18.95805+00	2023-09-15 01:12:47.312317+00	Jhon Doe	Jhon Doe
BALINERA DE ARRANQUE PULSAR 180 P006952	633	P006952	1	68	balinera_de_arranque_pulsar_180_p006952-1692682362545.jpeg	18.14	22.67	30.24	100000	10000	\N	t	2023-09-15 01:12:18.95805+00	2023-09-15 01:12:47.312317+00	Jhon Doe	Jhon Doe
BALERO 6202 2RS P005951	634	P005951	1	67	balero_6202_2rs_p005951-1692682362546.jpeg	1.69	2.11	2.82	100000	10000	\N	t	2023-09-15 01:12:18.95805+00	2023-09-15 01:12:47.312317+00	Jhon Doe	Jhon Doe
BALERO 6200 2RS P005952	635	P005952	1	67	balero_6200_2rs_p005952-1692682362548.jpeg	1.69	2.11	2.82	100000	10000	\N	t	2023-09-15 01:12:18.95805+00	2023-09-15 01:12:47.312317+00	Jhon Doe	Jhon Doe
BALERO 6203 2RS P005954	636	P005954	1	67	balero_6203_2rs_p005954-1692682362549.jpeg	1.69	2.11	2.82	100000	10000	\N	t	2023-09-15 01:12:18.95805+00	2023-09-15 01:12:47.312317+00	Jhon Doe	Jhon Doe
BALERO 6204 2RS P005957	637	P005957	1	67	balero_6204_2rs_p005957-1692682362550.jpeg	1.78	2.23	2.97	100000	10000	\N	t	2023-09-15 01:12:18.95805+00	2023-09-15 01:12:47.312317+00	Jhon Doe	Jhon Doe
BALERO 6205 2RS P005958	638	P005958	1	67	balero_6205_2rs_p005958-1692682362551.jpeg	1.85	2.31	3.08	100000	10000	\N	t	2023-09-15 01:12:18.95805+00	2023-09-15 01:12:47.312317+00	Jhon Doe	Jhon Doe
BALERO 6003 2RS P005964	639	P005964	1	67	balero_6003_2rs_p005964-1692682362553.jpeg	1.85	2.31	2.82	100000	10000	\N	t	2023-09-15 01:12:18.95805+00	2023-09-15 01:12:47.312317+00	Jhon Doe	Jhon Doe
BALERO 6004 2RS P005965	640	P005965	1	67	balero_6004_2rs_p005965-1692682362554.jpeg	1.85	2.31	2.82	100000	10000	\N	t	2023-09-15 01:12:18.95805+00	2023-09-15 01:12:47.312317+00	Jhon Doe	Jhon Doe
BALERO 63/28 P005981	641	P005981	1	67	28_p005981-1692682362555.jpeg	4.92	6.15	8.2	100000	10000	\N	t	2023-09-15 01:12:18.95805+00	2023-09-15 01:12:47.312317+00	Jhon Doe	Jhon Doe
BALERO 6301 2RS P005983	642	P005983	1	67	balero_6301_2rs_p005983-1692682362558.jpeg	1.69	2.11	2.82	100000	10000	\N	t	2023-09-15 01:12:18.95805+00	2023-09-15 01:12:47.312317+00	Jhon Doe	Jhon Doe
BALERO 6302 2RS P005986	643	P005986	1	67	balero_6302_2rs_p005986-1692682362559.jpeg	1.69	2.11	2.82	100000	10000	\N	t	2023-09-15 01:12:18.95805+00	2023-09-15 01:12:47.312317+00	Jhon Doe	Jhon Doe
BALERO 6303 2RS P005987	644	P005987	1	67	balero_6303_2rs_p005987-1692682362561.jpeg	1.85	2.31	3.08	100000	10000	\N	t	2023-09-15 01:12:18.95805+00	2023-09-15 01:12:47.312317+00	Jhon Doe	Jhon Doe
BALERO 6002 2RS P009615	645	P009615	1	67	balero_6002_2rs_p009615-1692682362562.jpeg	1.69	2.11	2.82	100000	10000	\N	t	2023-09-15 01:12:18.95805+00	2023-09-15 01:12:47.312317+00	Jhon Doe	Jhon Doe
BANDA DE FRENO AX 100 P000455	646	P000455	1	69	banda_de_freno_ax_100_p000455-1692682362563.jpeg	3.08	3.84	5.13	100000	10000	\N	t	2023-09-15 01:12:18.95805+00	2023-09-15 01:12:47.312317+00	Jhon Doe	Jhon Doe
BANDA DE FRENO GN 125 P000463	647	P000463	1	69	banda_de_freno_gn_125_p000463-1692682362564.jpeg	3.08	3.84	5.13	100000	10000	\N	t	2023-09-15 01:12:18.95805+00	2023-09-15 01:12:47.312317+00	Jhon Doe	Jhon Doe
BANDA DE FRENO YBR 125 P000465	648	P000465	1	69	banda_de_freno_ybr_125_p000465-1692682362566.jpeg	3.08	3.84	5.13	100000	10000	\N	t	2023-09-15 01:12:18.95805+00	2023-09-15 01:12:47.312317+00	Jhon Doe	Jhon Doe
BANDA DE FRENO V-MEN/CGL 125 P000469	649	P000469	1	69	cgl_125_p000469-1692682362567.jpeg	3.08	3.84	5.13	100000	10000	\N	t	2023-09-15 01:12:18.95805+00	2023-09-15 01:12:47.312317+00	Jhon Doe	Jhon Doe
BANDA DE FRENO NXR 125/XM 200 P000470	650	P000470	1	69	xm_200_p000470-1692682362568.jpeg	3.08	3.84	5.13	100000	10000	\N	t	2023-09-15 01:12:18.95805+00	2023-09-15 01:12:47.312317+00	Jhon Doe	Jhon Doe
BANDA DE FRENO WH 125 P000468	651	P000468	1	69	banda_de_freno_wh_125_p000468-1692682362570.jpeg	3.08	3.84	5.13	100000	10000	\N	t	2023-09-15 01:12:18.95805+00	2023-09-15 01:12:47.312317+00	Jhon Doe	Jhon Doe
BARRA DE SUSPENCION CG 125 BUFA/DISCO P007337	652	P007337	1	5	disco_p007337-1692682362571.jpeg	73.8	92.25	123	100000	10000	\N	t	2023-09-15 01:12:18.95805+00	2023-09-15 01:12:47.312317+00	Jhon Doe	Jhon Doe
BARRA DE SUSPENCION YBR 125-G P010643	653	P010643	1	5	barra_de_suspencion_ybr_125-g_p010643-1692682362572.jpeg	76.88	98.14	128.13	100000	10000	\N	t	2023-09-15 01:12:18.95805+00	2023-09-15 01:12:47.312317+00	Jhon Doe	Jhon Doe
BARRA DE SUSPENCION CGL 125 P007312	654	P007312	1	5	barra_de_suspencion_cgl_125_p007312-1692682362573.jpeg	72.14	90.16	120.23	100000	10000	\N	t	2023-09-15 01:12:18.95805+00	2023-09-15 01:12:47.312317+00	Jhon Doe	Jhon Doe
BARRA DE SUSPENCION SUZUKI GN125 P007296	655	P007296	1	5	barra_de_suspencion_suzuki_gn125_p007296-1692682362575.jpeg	69.28	86.55	115.39	100000	10000	\N	t	2023-09-15 01:12:18.95805+00	2023-09-15 01:12:47.312317+00	Jhon Doe	Jhon Doe
BARRA DE SUSPENCION YARA 200 P007313	656	P007313	1	5	barra_de_suspencion_yara_200_p007313-1692682362576.jpeg	83.12	103.89	138.53	100000	10000	\N	t	2023-09-15 01:12:18.95805+00	2023-09-15 01:12:47.312317+00	Jhon Doe	Jhon Doe
KIT BIELA CGL 125 P004437	657	P004437	1	70	kit_biela_cgl_125_p004437-1692682362578.jpeg	14.15	17.68	23.58	100000	10000	\N	t	2023-09-15 01:12:18.95805+00	2023-09-15 01:12:47.312317+00	Jhon Doe	Jhon Doe
KIT BIELA GXT 200 P004446	658	P004446	1	70	kit_biela_gxt_200_p004446-1692682362579.jpeg	30.14	37.67	50.23	100000	10000	\N	t	2023-09-15 01:12:18.95805+00	2023-09-15 01:12:47.312317+00	Jhon Doe	Jhon Doe
KIT BIELA YBR 125 P004464	659	P004464	1	70	kit_biela_ybr_125_p004464-1692682362580.jpeg	16.54	20.68	27.57	100000	10000	\N	t	2023-09-15 01:12:18.95805+00	2023-09-15 01:12:47.312317+00	Jhon Doe	Jhon Doe
KIT BIELA DT 125 P010478	660	P010478	1	70	kit_biela_dt_125_p010478-1692682362582.jpeg	19.56	24.45	32.6	100000	10000	\N	t	2023-09-15 01:12:18.95805+00	2023-09-15 01:12:47.312317+00	Jhon Doe	Jhon Doe
KIT BIELA PULSAR 180 P013274	661	P013274	1	70	kit_biela_pulsar_180_p013274-1692682362583.jpeg	21.53	26.91	33.62	100000	10000	\N	t	2023-09-15 01:12:18.95805+00	2023-09-15 01:12:47.312317+00	Jhon Doe	Jhon Doe
KIT BIELA APACHE 160/180 P015976	662	P015976	1	70	180_p015976-1692682362584.jpeg	17.84	22.29	29.73	100000	10000	\N	t	2023-09-15 01:12:18.95805+00	2023-09-15 01:12:47.312317+00	Jhon Doe	Jhon Doe
BOBINA CG 125/STORM P005458	663	P005458	1	71	storm_p005458-1692682362585.jpeg	11.69	14.61	19.48	100000	10000	\N	t	2023-09-15 01:12:18.95805+00	2023-09-15 01:12:47.312317+00	Jhon Doe	Jhon Doe
BOBINA CGL 125 P005472	664	P005472	1	71	bobina_cgl_125_p005472-1692682362587.jpeg	11.07	13.84	18.45	100000	10000	\N	t	2023-09-15 01:12:18.95805+00	2023-09-15 01:12:47.312317+00	Jhon Doe	Jhon Doe
BOBINA YBR 125 P005474	665	P005474	1	71	bobina_ybr_125_p005474-1692682362588.jpeg	16.4	20.5	25.63	100000	10000	\N	t	2023-09-15 01:12:18.95805+00	2023-09-15 01:12:47.312317+00	Jhon Doe	Jhon Doe
BOBINA DAKAR 200 P005506	666	P005506	1	71	bobina_dakar_200_p005506-1692682362589.jpeg	17.22	21.53	28.7	100000	10000	\N	t	2023-09-15 01:12:18.95805+00	2023-09-15 01:12:47.312317+00	Jhon Doe	Jhon Doe
BOBINA AX100 P004834	667	P004834	1	71	bobina_ax100_p004834-1692682362591.jpeg	13.53	16.91	22.55	100000	10000	\N	t	2023-09-15 01:12:18.95805+00	2023-09-15 01:12:47.312317+00	Jhon Doe	Jhon Doe
BOBINA DT 125 P016243	668	P016243	1	71	bobina_dt_125_p016243-1692682362592.jpeg	4.43	5.54	7.38	100000	10000	\N	t	2023-09-15 01:12:18.95805+00	2023-09-15 01:12:47.312317+00	Jhon Doe	Jhon Doe
BOBINA GLAMOUR 125/RTX 200/FXR P005495	669	P005495	1	71	fxr_p005495-1692682362593.jpeg	18.45	23.06	30.75	100000	10000	\N	t	2023-09-15 01:12:18.95805+00	2023-09-15 01:12:47.312317+00	Jhon Doe	Jhon Doe
BOBINA UM 200 P005496	670	P005496	1	71	bobina_um_200_p005496-1692682362594.jpeg	14.57	18.2	24.21	100000	10000	\N	t	2023-09-15 01:12:18.95805+00	2023-09-15 01:12:47.312317+00	Jhon Doe	Jhon Doe
BOBINA HUNK P016687	671	P016687	1	71	bobina_hunk_p016687-1692682362596.jpeg	31.98	39.98	56.38	100000	10000	\N	t	2023-09-15 01:12:18.95805+00	2023-09-15 01:12:47.312317+00	Jhon Doe	Jhon Doe
BOBINA DE ALTA GY6 125 P002332	672	P002332	1	75	bobina_de_alta_gy6_125_p002332-1692682362597.jpeg	4.61	5.77	7.69	100000	10000	\N	t	2023-09-15 01:12:18.95805+00	2023-09-15 01:12:47.312317+00	Jhon Doe	Jhon Doe
BOBINA DE ALTA XLR 250 P002341	673	P002341	1	75	bobina_de_alta_xlr_250_p002341-1692682362598.jpeg	6.15	7.69	10.25	100000	10000	\N	t	2023-09-15 01:12:18.95805+00	2023-09-15 01:12:47.312317+00	Jhon Doe	Jhon Doe
BOBINA DE ALTA CG 125 P002345	674	P002345	1	75	bobina_de_alta_cg_125_p002345-1692682362599.jpeg	4.61	5.77	7.69	100000	10000	\N	t	2023-09-15 01:12:18.95805+00	2023-09-15 01:12:47.312317+00	Jhon Doe	Jhon Doe
PITO CGL 125 12V P014642	675	P014642	1	72	pito_cgl_125_12v_p014642-1692682362600.jpeg	2.31	2.88	3.84	100000	10000	\N	t	2023-09-15 01:12:18.95805+00	2023-09-15 01:12:47.312317+00	Jhon Doe	Jhon Doe
BOMBA DE ACEITE GXT 200 P003850	676	P003850	1	73	bomba_de_aceite_gxt_200_p003850-1692682362602.jpeg	8.92	11.15	14.86	100000	10000	\N	t	2023-09-15 01:12:18.95805+00	2023-09-15 01:12:47.312317+00	Jhon Doe	Jhon Doe
BOMBA DE ACEITE DAKAR 200 37D P003856	677	P003856	1	73	bomba_de_aceite_dakar_200_37d_p003856-1692682362603.jpeg	8.92	11.15	14.86	100000	10000	\N	t	2023-09-15 01:12:18.95805+00	2023-09-15 01:12:47.312317+00	Jhon Doe	Jhon Doe
BOMBA DE ACEITE CG 125 39D P003857	678	P003857	1	73	bomba_de_aceite_cg_125_39d_p003857-1692682362604.jpeg	7.29	9.11	12.15	100000	10000	\N	t	2023-09-15 01:12:18.95805+00	2023-09-15 01:12:47.312317+00	Jhon Doe	Jhon Doe
BOMBA DE ACEITE AX100 P003822	679	P003822	1	73	bomba_de_aceite_ax100_p003822-1692682362606.jpeg	10.46	13.07	17.43	100000	10000	\N	t	2023-09-15 01:12:18.95805+00	2023-09-15 01:12:47.312317+00	Jhon Doe	Jhon Doe
BOMBA DE ACEITE CG 125 P003823	680	P003823	1	73	bomba_de_aceite_cg_125_p003823-1692682362607.jpeg	6.15	7.69	10.25	100000	10000	\N	t	2023-09-15 01:12:18.95805+00	2023-09-15 01:12:47.312317+00	Jhon Doe	Jhon Doe
BOMBA DE FRENO TRACERA XY 200 P002602	681	P002602	1	76	bomba_de_freno_tracera_xy_200_p002602-1692682362609.jpeg	10.42	13.03	17.37	100000	10000	\N	t	2023-09-15 01:12:18.95805+00	2023-09-15 01:12:47.312317+00	Jhon Doe	Jhon Doe
BOMBA DE ACEITE PULSAR 135 P009640	682	P009640	1	76	bomba_de_aceite_pulsar_135_p009640-1692682362610.jpeg	5.73	7.16	9.55	100000	10000	\N	t	2023-09-15 01:12:18.95805+00	2023-09-15 01:12:47.312317+00	Jhon Doe	Jhon Doe
BUSHING DE CATARINA CG 125 P003082	683	P003082	1	77	bushing_de_catarina_cg_125_p003082-1692682362611.jpeg	4.15	5.19	6.92	100000	10000	\N	t	2023-09-15 01:12:18.95805+00	2023-09-15 01:12:47.312317+00	Jhon Doe	Jhon Doe
CABLE VELOCIMETRO YBR 125-G P009676	684	P009676	1	74	cable_velocimetro_ybr_125-g_p009676-1692682362612.jpeg	1.85	2.31	4.61	100000	10000	\N	t	2023-09-15 01:12:18.95805+00	2023-09-15 01:12:47.312317+00	Jhon Doe	Jhon Doe
CABLE VELOCIMETRO APACHE RTX200 P015620	685	P015620	1	74	cable_velocimetro_apache_rtx200_p015620-1692682362613.jpeg	3.69	4.61	6.15	100000	10000	\N	t	2023-09-15 01:12:18.95805+00	2023-09-15 01:12:47.312317+00	Jhon Doe	Jhon Doe
CABLE DE CLUCH GY 200 P004313	686	P004313	1	74	cable_de_cluch_gy_200_p004313-1692682362614.jpeg	1.85	2.31	4.61	100000	10000	\N	t	2023-09-15 01:12:18.95805+00	2023-09-15 01:12:47.312317+00	Jhon Doe	Jhon Doe
CABLE DE CLUTCH YBR 125 P004338	687	P004338	1	74	cable_de_clutch_ybr_125_p004338-1692682362616.jpeg	1.85	2.31	4.61	100000	10000	\N	t	2023-09-15 01:12:18.95805+00	2023-09-15 01:12:47.312317+00	Jhon Doe	Jhon Doe
CABLE ACELERADOR GY6 125 P006871	688	P006871	1	74	cable_acelerador_gy6_125_p006871-1692682362617.jpeg	1.85	2.31	4.61	100000	10000	\N	t	2023-09-15 01:12:18.95805+00	2023-09-15 01:12:47.312317+00	Jhon Doe	Jhon Doe
CABLE ACELERADOR BROSS P006890	689	P006890	1	74	cable_acelerador_bross_p006890-1692682362621.jpeg	1.85	2.31	4.61	100000	10000	\N	t	2023-09-15 01:12:18.95805+00	2023-09-15 01:12:47.312317+00	Jhon Doe	Jhon Doe
CABLE ACELERADOR YARA 200 P011612	690	P011612	1	74	cable_acelerador_yara_200_p011612-1692682362624.jpeg	1.85	2.31	4.61	100000	10000	\N	t	2023-09-15 01:12:18.95805+00	2023-09-15 01:12:47.312317+00	Jhon Doe	Jhon Doe
CABLE DE CLUTH S/FORRO P016692	691	P016692	1	74	forro_p016692-1692682362625.jpeg	0.49	0.62	0.92	100000	10000	\N	t	2023-09-15 01:12:18.95805+00	2023-09-15 01:12:47.312317+00	Jhon Doe	Jhon Doe
CABLE DE CLUTH YARA 200 P011613	692	P011613	1	74	cable_de_cluth_yara_200_p011613-1692682362626.jpeg	3.04	3.8	5.07	100000	10000	\N	t	2023-09-15 01:12:18.95805+00	2023-09-15 01:12:47.312317+00	Jhon Doe	Jhon Doe
CABLE VELOCIMETRO GN 125 P007597	693	P007597	1	74	cable_velocimetro_gn_125_p007597-1692682362628.jpeg	1.85	2.31	4.61	100000	10000	\N	t	2023-09-15 01:12:18.95805+00	2023-09-15 01:12:47.312317+00	Jhon Doe	Jhon Doe
CABLE ACELERADOR CGL 125 P009576	694	P009576	1	74	cable_acelerador_cgl_125_p009576-1692682362629.jpeg	1.85	2.31	4.61	100000	10000	\N	t	2023-09-15 01:12:18.95805+00	2023-09-15 01:12:47.312317+00	Jhon Doe	Jhon Doe
CABLE DE CLUTCH CGL 125 P009955	695	P009955	1	74	cable_de_clutch_cgl_125_p009955-1692682362630.jpeg	1.85	2.31	4.61	100000	10000	\N	t	2023-09-15 01:12:18.95805+00	2023-09-15 01:12:47.312317+00	Jhon Doe	Jhon Doe
CADENA 428H-136L P001100	696	P001100	1	78	cadena_428h-136l_p001100-1692682362631.jpeg	6.15	7.69	10.25	100000	10000	\N	t	2023-09-15 01:12:18.95805+00	2023-09-15 01:12:47.312317+00	Jhon Doe	Jhon Doe
CADENA 520H-136L P009980	697	P009980	1	78	cadena_520h-136l_p009980-1692682362632.jpeg	13.47	16.84	22.45	100000	10000	\N	t	2023-09-15 01:12:18.95805+00	2023-09-15 01:12:47.312317+00	Jhon Doe	Jhon Doe
CADENA 428-136L #DORADA# P009319	698	P009319	1	78	cadena_428-136l_#dorada#_p009319-1692682362633.jpeg	9.84	12.3	16.4	100000	10000	\N	t	2023-09-15 01:12:18.95805+00	2023-09-15 01:12:47.312317+00	Jhon Doe	Jhon Doe
CADENILLA NXR 125/150 25H-94L P008596	699	0041080023	1	79	150_25h-94l_p008596-1692682362635.jpeg	4.92	6.15	7.69	100000	10000	\N	t	2023-09-15 01:12:18.95805+00	2023-09-15 01:12:47.312317+00	Jhon Doe	Jhon Doe
CADENILLA DAKAR 200 3X4X100L P008248	700	P008248	1	79	cadenilla_dakar_200_3x4x100l_p008248-1692682362636.jpeg	6.09	7.61	10.15	100000	10000	\N	t	2023-09-15 01:12:18.95805+00	2023-09-15 01:12:47.312317+00	Jhon Doe	Jhon Doe
CADENILLA YBR 125 25H-88L P008592	701	P008592	1	79	cadenilla_ybr_125_25h-88l_p008592-1692682362638.jpeg	4.92	6.15	7.69	100000	10000	\N	t	2023-09-15 01:12:18.95805+00	2023-09-15 01:12:47.312317+00	Jhon Doe	Jhon Doe
CADENILLA PULSAR 135 25H-94L P008596	702	P008596	1	79	cadenilla_pulsar_135_25h-94l_p008596-1692682362639.jpeg	4.92	6.15	7.69	100000	10000	\N	t	2023-09-15 01:12:18.95805+00	2023-09-15 01:12:47.312317+00	Jhon Doe	Jhon Doe
CADENILLA XL 125/185/200 25H-98L P008597	703	P008597	1	79	200_25h-98l_p008597-1692682362641.jpeg	4.92	6.15	7.69	100000	10000	\N	t	2023-09-15 01:12:18.95805+00	2023-09-15 01:12:47.312317+00	Jhon Doe	Jhon Doe
CADENILLA FXD 125 25H-100L P008555	704	P008555	1	79	cadenilla_fxd_125_25h-100l_p008555-1692682362642.jpeg	4.61	5.77	7.69	100000	10000	\N	t	2023-09-15 01:12:18.95805+00	2023-09-15 01:12:47.312317+00	Jhon Doe	Jhon Doe
CADENILLA INVICTA 2X3X94L P008250	705	P008250	1	79	cadenilla_invicta_2x3x94l_p008250-1692682362643.jpeg	6.66	8.08	10.76	100000	10000	\N	t	2023-09-15 01:12:18.95805+00	2023-09-15 01:12:47.312317+00	Jhon Doe	Jhon Doe
CADENILLA XL 200 2X3X98L P008251	706	P008251	1	79	cadenilla_xl_200_2x3x98l_p008251-1692682362645.jpeg	4.61	5.77	7.69	100000	10000	\N	t	2023-09-15 01:12:18.95805+00	2023-09-15 01:12:47.312317+00	Jhon Doe	Jhon Doe
CADENILLA YARA 200 P008259	707	P008259	1	79	cadenilla_yara_200_p008259-1692682362646.jpeg	4	5	6.66	100000	10000	\N	t	2023-09-15 01:12:18.95805+00	2023-09-15 01:12:47.312317+00	Jhon Doe	Jhon Doe
CADENILLA ZH 125 2X3X102L P008261	708	P008261	1	79	cadenilla_zh_125_2x3x102l_p008261-1692682362647.jpeg	6.46	8.08	10.76	100000	10000	\N	t	2023-09-15 01:12:18.95805+00	2023-09-15 01:12:47.312317+00	Jhon Doe	Jhon Doe
CAPUCHON DE BUJIA CGL 125 P002351	709	P002351	1	80	capuchon_de_bujia_cgl_125_p002351-1692682362648.jpeg	1.38	1.73	2.31	100000	10000	\N	t	2023-09-15 01:12:18.95805+00	2023-09-15 01:12:47.312317+00	Jhon Doe	Jhon Doe
CAPUCHON DE BUJIA GY6 125 P002353	710	P002353	1	80	capuchon_de_bujia_gy6_125_p002353-1692682362649.jpeg	1.38	1.73	2.31	100000	10000	\N	t	2023-09-15 01:12:18.95805+00	2023-09-15 01:12:47.312317+00	Jhon Doe	Jhon Doe
CATARINA GN 125 428-45T P000753	711	P000753	1	81	catarina_gn_125_428-45t_p000753-1692682362651.jpeg	6.73	8.42	11.22	100000	10000	\N	t	2023-09-15 01:12:18.95805+00	2023-09-15 01:12:47.312317+00	Jhon Doe	Jhon Doe
CATARINA GN 125 428-50T P000754	712	P000754	1	81	catarina_gn_125_428-50t_p000754-1692682362653.jpeg	7.38	9.23	12.3	100000	10000	\N	t	2023-09-15 01:12:18.95805+00	2023-09-15 01:12:47.312317+00	Jhon Doe	Jhon Doe
CATARINA GN 125 428-43T P000755	713	P000755	1	81	catarina_gn_125_428-43t_p000755-1692682362655.jpeg	4.92	6.15	8.2	100000	10000	\N	t	2023-09-15 01:12:18.95805+00	2023-09-15 01:12:47.312317+00	Jhon Doe	Jhon Doe
CATARINA YBR 125 428-45T P000796	714	P000796	1	81	catarina_ybr_125_428-45t_p000796-1692682362657.jpeg	5.54	6.92	9.23	100000	10000	\N	t	2023-09-15 01:12:18.95805+00	2023-09-15 01:12:47.312317+00	Jhon Doe	Jhon Doe
CATARINA YBR 125 428-43T P009730	715	P009730	1	81	catarina_ybr_125_428-43t_p009730-1692682362658.jpeg	5.54	6.92	9.23	100000	10000	\N	t	2023-09-15 01:12:18.95805+00	2023-09-15 01:12:47.312317+00	Jhon Doe	Jhon Doe
CATARINA GN 125 428-38T P009737	716	P009737	1	81	catarina_gn_125_428-38t_p009737-1692682362659.jpeg	5.23	6.54	8.71	100000	10000	\N	t	2023-09-15 01:12:18.95805+00	2023-09-15 01:12:47.312317+00	Jhon Doe	Jhon Doe
CATARINA XL 125 38T 428 P016245	717	P016245	1	81	catarina_xl_125_38t_428_p016245-1692682362660.jpeg	5.5	6.88	9.17	100000	10000	\N	t	2023-09-15 01:12:18.95805+00	2023-09-15 01:12:47.312317+00	Jhon Doe	Jhon Doe
CATARINA XL 125 43T 428 P009316	718	P009316	1	81	catarina_xl_125_43t_428_p009316-1692682362662.jpeg	6.77	8.46	11.28	100000	10000	\N	t	2023-09-15 01:12:18.95805+00	2023-09-15 01:12:47.312317+00	Jhon Doe	Jhon Doe
CATARINA XL 125 45T 428 P013425	719	P013425	1	81	catarina_xl_125_45t_428_p013425-1692682362663.jpeg	6.77	8.46	11.28	100000	10000	\N	t	2023-09-15 01:12:18.95805+00	2023-09-15 01:12:47.312317+00	Jhon Doe	Jhon Doe
CATARINA XL 125 47T 428 P016246	720	P016246	1	81	catarina_xl_125_47t_428_p016246-1692682362664.jpeg	7.38	9.23	12.3	100000	10000	\N	t	2023-09-15 01:12:18.95805+00	2023-09-15 01:12:47.312317+00	Jhon Doe	Jhon Doe
CATARINA XL 125 49T 428 P016247	721	P016247	1	81	catarina_xl_125_49t_428_p016247-1692682362665.jpeg	7.38	9.23	12.3	100000	10000	\N	t	2023-09-15 01:12:18.95805+00	2023-09-15 01:12:47.312317+00	Jhon Doe	Jhon Doe
CATARINA XL 125 56T 428 P016248	722	P016248	1	81	catarina_xl_125_56t_428_p016248-1692682362666.jpeg	9.03	11.29	15.05	100000	10000	\N	t	2023-09-15 01:12:18.95805+00	2023-09-15 01:12:47.312317+00	Jhon Doe	Jhon Doe
CATARINA YBR 125 38T 428 P016249	723	P016249	1	81	catarina_ybr_125_38t_428_p016249-1692682362668.jpeg	4.92	6.15	8.2	100000	10000	\N	t	2023-09-15 01:12:18.95805+00	2023-09-15 01:12:47.312317+00	Jhon Doe	Jhon Doe
CATARINA CB 110 43T P016964	724	P016964	1	81	catarina_cb_110_43t_p016964-1692682362669.jpeg	7.32	9.15	12.2	100000	10000	\N	t	2023-09-15 01:12:18.95805+00	2023-09-15 01:12:47.312317+00	Jhon Doe	Jhon Doe
CARATULA COMPLETA PULSAR NS 200 P009463 NEGRO	725	P009463	1	82	caratula_completa_pulsar_ns_200_p009463_negro-1692682362670.jpeg	58.43	73.03	97.38	100000	10000	\N	t	2023-09-15 01:12:18.95805+00	2023-09-15 01:12:47.312317+00	Jhon Doe	Jhon Doe
CARATULA COMPLETA PULSAR NS 200 P011973 ROJO	726	P011973	1	82	caratula_completa_pulsar_ns_200_p011973_rojo-1692682362671.jpeg	58.43	73.03	97.38	100000	10000	\N	t	2023-09-15 01:12:18.95805+00	2023-09-15 01:12:47.312317+00	Jhon Doe	Jhon Doe
CARATULA COMPLETA PULSAR NS 200 P011974 AZUL	727	P011974	1	82	caratula_completa_pulsar_ns_200_p011974_azul-1692682362673.jpeg	58.43	73.03	97.38	99998	10000	\N	t	2023-09-15 01:12:18.95805+00	2023-09-15 01:12:47.312317+00	Jhon Doe	Jhon Doe
CARATULA COMPLETA APACHE 180 ROJO P012003	728	P012003	1	82	caratula_completa_apache_180_rojo_p012003-1692682362674.jpeg	40.59	50.74	67.65	100000	10000	\N	t	2023-09-15 01:12:18.95805+00	2023-09-15 01:12:47.312317+00	Jhon Doe	Jhon Doe
CARATULA COMPLETA APACHE 180 BLANCA P012004	729	P012004	1	82	caratula_completa_apache_180_blanca_p012004-1692682362675.jpeg	40.59	50.74	67.65	100000	10000	\N	t	2023-09-15 01:12:18.95805+00	2023-09-15 01:12:47.312317+00	Jhon Doe	Jhon Doe
CARATULA COMPLETA PULSAR 135 P014166 ROJO	730	P014166	1	82	caratula_completa_pulsar_135_p014166_rojo-1692682362676.jpeg	39.98	49.97	66.63	100000	10000	\N	t	2023-09-15 01:12:18.95805+00	2023-09-15 01:12:47.312317+00	Jhon Doe	Jhon Doe
CARATULA COMPLETA PULSAR 135 P015743 AZUL	731	P015743	1	82	caratula_completa_pulsar_135_p015743_azul-1692682362677.jpeg	39.98	49.97	66.63	100000	9996	\N	t	2023-09-15 01:12:18.95805+00	2023-09-15 01:12:47.312317+00	Jhon Doe	Jhon Doe
CARATULA COMPLETA PULSAR 135 P015744 NEGRO	732	P015744	1	82	caratula_completa_pulsar_135_p015744_negro-1692682362678.jpeg	39.98	49.97	66.63	100000	10000	\N	t	2023-09-15 01:12:18.95805+00	2023-09-15 01:12:47.312317+00	Jhon Doe	Jhon Doe
CARATULA COMPLETA PULSAR 180 NEGRO P001049	733	P001049	1	82	caratula_completa_pulsar_180_negro_p001049-1692682362679.jpeg	49.66	62.07	82.77	100000	10000	\N	t	2023-09-15 01:12:18.95805+00	2023-09-15 01:12:47.312317+00	Jhon Doe	Jhon Doe
CARATULA COMPLETA PULSAR 180 AZUL P011972	734	P011972	1	82	caratula_completa_pulsar_180_azul_p011972-1692682362680.jpeg	49.66	62.07	82.77	100000	10000	\N	t	2023-09-15 01:12:18.95805+00	2023-09-15 01:12:47.312317+00	Jhon Doe	Jhon Doe
CARATULA COMPLETA PULSAR 180 ROJO P014876	735	P014876	1	82	caratula_completa_pulsar_180_rojo_p014876-1692682362681.jpeg	49.66	62.07	82.77	100000	10000	\N	t	2023-09-15 01:12:18.95805+00	2023-09-15 01:12:47.312317+00	Jhon Doe	Jhon Doe
CARBURADOR AX 100 P002929	736	P002929	1	83	carburador_ax_100_p002929-1692682362682.jpeg	18.42	23.02	30.7	100000	10000	\N	t	2023-09-15 01:12:18.95805+00	2023-09-15 01:12:47.312317+00	Jhon Doe	Jhon Doe
CARBURADOR CT 100 P002932	737	P002932	1	83	carburador_ct_100_p002932-1692682362683.jpeg	22.26	27.83	37.11	100000	10000	\N	t	2023-09-15 01:12:18.95805+00	2023-09-15 01:12:47.312317+00	Jhon Doe	Jhon Doe
CARBURADOR CG 125 P002934	738	P002934	1	83	carburador_cg_125_p002934-1692682362685.jpeg	16.68	20.72	27.62	100000	10000	\N	t	2023-09-15 01:12:18.95805+00	2023-09-15 01:12:47.312317+00	Jhon Doe	Jhon Doe
CARBURADOR CG 200 P002937	739	P002937	1	83	carburador_cg_200_p002937-1692682362686.jpeg	18.42	23.02	30.7	100000	10000	\N	t	2023-09-15 01:12:18.95805+00	2023-09-15 01:12:47.312317+00	Jhon Doe	Jhon Doe
CARBURADOR GN 125 P002945	740	P002945	1	83	carburador_gn_125_p002945-1692682362687.jpeg	29.52	36.9	49.2	100000	10000	\N	t	2023-09-15 01:12:18.95805+00	2023-09-15 01:12:47.312317+00	Jhon Doe	Jhon Doe
CARBURADOR GY6 125 P002947	741	P002947	1	83	carburador_gy6_125_p002947-1692682362688.jpeg	33.33	41.67	55.56	100000	10000	\N	t	2023-09-15 01:12:18.95805+00	2023-09-15 01:12:47.312317+00	Jhon Doe	Jhon Doe
CARBURADOR GXT 200 P002956	742	P002956	1	83	carburador_gxt_200_p002956-1692682362690.jpeg	52.28	65.34	87.13	100000	10000	\N	t	2023-09-15 01:12:18.95805+00	2023-09-15 01:12:47.312317+00	Jhon Doe	Jhon Doe
CARBURADOR FZ 16 P010420	743	P010420	1	83	carburador_fz_16_p010420-1692682362691.jpeg	54.03	67.62	90.15	100000	10000	\N	t	2023-09-15 01:12:18.95805+00	2023-09-15 01:12:47.312317+00	Jhon Doe	Jhon Doe
CARBURADOR PULSAR 135 P016688	744	P016688	1	83	carburador_pulsar_135_p016688-1692682362692.jpeg	58.08	72.6	96.8	100000	10000	\N	t	2023-09-15 01:12:18.95805+00	2023-09-15 01:12:47.312317+00	Jhon Doe	Jhon Doe
CARBURADOR PULSAR 180 P011016	745	P011016	1	83	carburador_pulsar_180_p011016-1692682362693.jpeg	36.27	45.35	60.45	100000	10000	\N	t	2023-09-15 01:12:18.95805+00	2023-09-15 01:12:47.312317+00	Jhon Doe	Jhon Doe
CDI NXR 125/GY6 125 P001560	746	P001560	1	84	gy6_125_p001560-1692682362694.jpeg	4.92	6.15	8.2	100000	10000	\N	t	2023-09-15 01:12:18.95805+00	2023-09-15 01:12:47.312317+00	Jhon Doe	Jhon Doe
CDI YBR 125 P001586	747	P001586	1	84	cdi_ybr_125_p001586-1692682362695.jpeg	17.22	21.53	28.7	100000	10000	\N	t	2023-09-15 01:12:18.95805+00	2023-09-15 01:12:47.312317+00	Jhon Doe	Jhon Doe
CDI CB1 125 P001590	748	P001590	1	84	cdi_cb1_125_p001590-1692682362696.jpeg	4.92	6.15	8.2	100000	10000	\N	t	2023-09-15 01:12:18.95805+00	2023-09-15 01:12:47.312317+00	Jhon Doe	Jhon Doe
CDI DT 125 P016244	749	P016244	1	84	cdi_dt_125_p016244-1692682362697.jpeg	13.22	16.53	22.04	100000	10000	\N	t	2023-09-15 01:12:18.95805+00	2023-09-15 01:12:47.312317+00	Jhon Doe	Jhon Doe
CDI APACHE 180 P016973	750	P016973	1	84	cdi_apache_180_p016973-1692682362698.jpeg	27.68	34.59	46.13	100000	10000	\N	t	2023-09-15 01:12:18.95805+00	2023-09-15 01:12:47.312317+00	Jhon Doe	Jhon Doe
CELLO DE BARRA 27X37X7.5/9.5 TAYPAN125/TAYPAN 150/DAYUN/CG 125CARGO P006459	751	P006459	1	85	cg_125cargo_p006459-1692682362699.jpeg	2	2.5	3.33	100000	10000	\N	t	2023-09-15 01:12:18.95805+00	2023-09-15 01:12:47.312317+00	Jhon Doe	Jhon Doe
CELLO DE BARRA 41X53X8/9 P006552	753	P006552	1	85	9_p006552-1692682362701.jpeg	2	2.5	3.33	100000	10000	\N	t	2023-09-15 01:12:18.95805+00	2023-09-15 01:12:47.312317+00	Jhon Doe	Jhon Doe
CELLO DE BARRA 41X54X11 P006553	754	P006553	1	85	cello_de_barra_41x54x11_p006553-1692682362703.jpeg	2	2.5	3.33	100000	10000	\N	t	2023-09-15 01:12:18.95805+00	2023-09-15 01:12:47.312317+00	Jhon Doe	Jhon Doe
CELLO DE BARRA DC 37X50X11 P006585	756	P006585	1	85	cello_de_barra_dc_37x50x11_p006585-1692682362705.jpeg	2	2.5	3.33	100000	10000	\N	t	2023-09-15 01:12:18.95805+00	2023-09-15 01:12:47.312317+00	Jhon Doe	Jhon Doe
CELLO DE BARRA 27X40X6 P006460	758	P006460	1	85	cello_de_barra_27x40x6_p006460-1692682362708.jpeg	1.62	2.15	3.08	100000	10000	\N	t	2023-09-15 01:12:18.95805+00	2023-09-15 01:12:47.312317+00	Jhon Doe	Jhon Doe
CELLO DE BARRA 27X40X8 P006463	759	P006463	1	85	cello_de_barra_27x40x8_p006463-1692682362710.jpeg	1.62	2.15	3.08	100000	10000	\N	t	2023-09-15 01:12:18.95805+00	2023-09-15 01:12:47.312317+00	Jhon Doe	Jhon Doe
CELLO DE BARRA 27X42X7 P006464	760	P006464	1	85	cello_de_barra_27x42x7_p006464-1692682362711.jpeg	1.62	2.15	3.08	100000	10000	\N	t	2023-09-15 01:12:18.95805+00	2023-09-15 01:12:47.312317+00	Jhon Doe	Jhon Doe
CELLO DE VALVULA PULSAR 135 P007356	765	P007356	1	59	cello_de_valvula_pulsar_135_p007356-1692682362718.jpeg	2.15	2.7	3.59	100000	10000	\N	t	2023-09-15 01:12:18.95805+00	2023-09-15 01:12:47.312317+00	Jhon Doe	Jhon Doe
CELLO DE VALVULA CG 125 P007388	766	P007388	1	59	cello_de_valvula_cg_125_p007388-1692682362719.jpeg	1.06	1.62	2.15	100000	10000	\N	t	2023-09-15 01:12:18.95805+00	2023-09-15 01:12:47.312317+00	Jhon Doe	Jhon Doe
KIT DE GUIAS DE CADENILLA PULSAR 135/BOXER  150/DISCOVER 135.	370	P004640	1	17	discover_135-1692682362180_.jpg	5.96	7.44	9.88	100000	10000	\N	t	2023-09-15 01:12:18.95805+00	2023-09-15 01:12:47.312317+00	Jhon Doe	Jhon Doe
RIN TRACERO GN 125 2.15X16 P007787	416	P007787	1	17	rin_tracero_gn_125_2-1692682362234_15x16_p007787.jpg	52.86	66.07	88.1	100000	10000	\N	t	2023-09-15 01:12:18.95805+00	2023-09-15 01:12:47.312317+00	Jhon Doe	Jhon Doe
RIN DELANTERO GN 125 1.60X18 P007790	417	P007790	1	17	rin_delantero_gn_125_1-1692682362235_60x18_p007790.jpg	51.75	64.7	86.26	100000	10000	\N	t	2023-09-15 01:12:18.95805+00	2023-09-15 01:12:47.312317+00	Jhon Doe	Jhon Doe
RIN TRACERO YBR 125-G 1.85X18 P014209	418	P014209	1	17	rin_tracero_ybr_125-g_1-1692682362237_85x18_p014209.jpg	61.44	76.79	102.4	100000	10000	\N	t	2023-09-15 01:12:18.95805+00	2023-09-15 01:12:47.312317+00	Jhon Doe	Jhon Doe
RIN DELANTERO YBR 125-G 1.85X18 P014207	419	P014207	1	17	rin_delantero_ybr_125-g_1-1692682362238_85x18_p014207.jpg	60.85	76.07	101.42	100000	10000	\N	t	2023-09-15 01:12:18.95805+00	2023-09-15 01:12:47.312317+00	Jhon Doe	Jhon Doe
RIN DELANTERO SL 150-9 P010325 1.60X18	566	P010325	1	9	rin_delantero_sl_150-9_p010325_1-1692682362454_60x18.jpg	55.33	69.16	92.21	100000	10000	\N	t	2023-09-15 01:12:18.95805+00	2023-09-15 01:12:47.312317+00	Jhon Doe	Jhon Doe
ARO 1.85X17 P002143	597	P002143	1	62	aro_1-1692682362495_85x17_p002143.jpg	22.14	27.68	36.9	99998	10000	\N	t	2023-09-15 01:12:18.95805+00	2023-09-15 01:12:47.312317+00	Jhon Doe	Jhon Doe
ARO 1.85X18 P002144	598	P002144	1	62	aro_1-1692682362496_85x18_p002144.jpg	18.3	21.53	28.7	100000	10000	\N	t	2023-09-15 01:12:18.95805+00	2023-09-15 01:12:47.312317+00	Jhon Doe	Jhon Doe
ARO 1.85X19 P002145	599	P002145	1	62	aro_1-1692682362497_85x19_p002145.jpg	22.14	27.68	36.9	100000	10000	\N	t	2023-09-15 01:12:18.95805+00	2023-09-15 01:12:47.312317+00	Jhon Doe	Jhon Doe
ARO 2.15X18 P002146	600	P002146	1	62	aro_2-1692682362499_15x18_p002146.jpg	23.37	29.21	38.95	100000	10000	\N	t	2023-09-15 01:12:18.95805+00	2023-09-15 01:12:47.312317+00	Jhon Doe	Jhon Doe
ARO 2.15X17 P010209	601	P010209	1	62	aro_2-1692682362500_15x17_p010209.jpg	23.37	29.21	38.95	100000	10000	\N	t	2023-09-15 01:12:18.95805+00	2023-09-15 01:12:47.312317+00	Jhon Doe	Jhon Doe
ARO 1.85X21 P014259	602	P014259	1	62	aro_1-1692682362501_85x21_p014259.jpg	22.14	27.68	36.9	100000	10000	\N	t	2023-09-15 01:12:18.95805+00	2023-09-15 01:12:47.312317+00	Jhon Doe	Jhon Doe
CELLO DE BARRA 31X43X10.5 P006473	752	P006473	1	85	cello_de_barra_31x43x10-1692682362700_5_p006473.jpg	2	2.5	3.33	100000	10000	\N	t	2023-09-15 01:12:18.95805+00	2023-09-15 01:12:47.312317+00	Jhon Doe	Jhon Doe
CELLO DE BARRA 33X46X10.5 P006568	755	P006568	1	85	cello_de_barra_33x46x10-1692682362704_5_p006568.jpg	2	2.5	3.33	100000	10000	\N	t	2023-09-15 01:12:18.95805+00	2023-09-15 01:12:47.312317+00	Jhon Doe	Jhon Doe
CELLO DE BARRA PULSAR 180 DC 37X49X7.5 P011005	757	P011005	1	85	cello_de_barra_pulsar_180_dc_37x49x7-1692682362707_5_p011005.jpg	2	2.5	3.33	100000	10000	\N	t	2023-09-15 01:12:18.95805+00	2023-09-15 01:12:47.312317+00	Jhon Doe	Jhon Doe
CELLO DE BARRA 32X43X10.5 P006522 61198	761	P006522	1	85	cello_de_barra_32x43x10-1692682362712_5_p006522_61198.jpg	1.62	2.15	3.08	100000	10000	\N	t	2023-09-15 01:12:18.95805+00	2023-09-15 01:12:47.312317+00	Jhon Doe	Jhon Doe
CELLO DE BARRA DT 35X48X10.5 P006591	762	P006591	1	85	cello_de_barra_dt_35x48x10-1692682362713_5_p006591.jpg	1.62	2.15	3.08	100000	10000	\N	t	2023-09-15 01:12:18.95805+00	2023-09-15 01:12:47.312317+00	Jhon Doe	Jhon Doe
CELLO DE BARRA GN 125 32X44X10.5 P006573	763	P006573	1	85	cello_de_barra_gn_125_32x44x10-1692682362714_5_p006573.jpg	1.62	2.15	3.08	100000	10000	\N	t	2023-09-15 01:12:18.95805+00	2023-09-15 01:12:47.312317+00	Jhon Doe	Jhon Doe
CELLO DE BARRA PULSAR 135 30X42X10.5 P006482	764	P006482	1	85	cello_de_barra_pulsar_135_30x42x10-1692682362716_5_p006482.jpg	1.62	2.15	3.08	100000	10000	\N	t	2023-09-15 01:12:18.95805+00	2023-09-15 01:12:47.312317+00	Jhon Doe	Jhon Doe
created	777	222222	1	64		12	12	42	42	42	\N	t	2023-10-10 02:11:11.807249+00	2023-10-10 02:11:11.807249+00	Jhon Doe	Jhon Doe
0aaaa	779	123456	1	74		12.8	2	12	1	3	\N	f	2023-10-14 01:49:59.117453+00	2023-10-14 01:59:16.222254+00	carlos.acosta@acostarep.com	carlos.acosta@acostarep.com
0000000	778	00000	1	77		1	1	1	1	1	\N	f	2023-10-14 01:14:20.794994+00	2023-10-14 01:59:52.552144+00	carlos.acosta@acostarep.com	carlos.acosta@acostarep.com
44444	767	111	1	63		11.1	12.8	45.9	23523	234	\N	f	2023-10-10 02:03:00.102036+00	2023-10-14 02:00:49.772438+00	Jhon Doe	carlos.acosta@acostarep.com
111	774	2222	1	63	_Logo-1697245945726.png	11.1	12.8	45.9	23523	234	\N	f	2023-10-10 02:08:36.0901+00	2023-10-14 02:00:37.612622+00	Jhon Doe	carlos.acosta@acostarep.com
00000	781	001122	1	5	aga+vaso-1697502589426.png	4	2	3	12	12	\N	f	2023-10-17 00:29:59.614002+00	2023-10-17 00:39:44.511813+00	cristianaaron10@gmail.com	cristianaaron10@gmail.com
2222	776	22222	1	63	propuesta-movil-1697246583118.png	11.1	12.8	45.9	23523	234	\N	f	2023-10-10 02:09:57.000218+00	2023-10-14 02:00:43.872808+00	Jhon Doe	carlos.acosta@acostarep.com
3333	772	222	1	63		11.1	12.8	45.9	23523	234	\N	f	2023-10-10 02:07:49.736104+00	2023-10-14 02:00:46.803601+00	Jhon Doe	carlos.acosta@acostarep.com
001122	782	0011222	1	82	aga+vaso-1697503075932.png	23	21	52	12	42	\N	f	2023-10-17 00:37:56.2688+00	2023-10-17 00:41:58.797918+00	cristianaaron10@gmail.com	cristianaaron10@gmail.com
\.


--
-- Data for Name: productos_orden; Type: TABLE DATA; Schema: acostarep; Owner: cristian
--

COPY acostarep.productos_orden (id, id_orden, id_producto, cantidad, precio, descuento, sub_total) FROM stdin;
\.


--
-- Data for Name: types; Type: TABLE DATA; Schema: acostarep; Owner: cristian
--

COPY acostarep.types (code, id, name, combo_objeto, is_active) FROM stdin;
	1	UN - Unidades	uom	t
	2	KG - Kilogramo	uom	t
	3	TN - Tonelada	uom	t
	4	PR - Par	uom	t
	5	BK - Balde	uom	t
	6	BX - Caja	uom	t
	7	BT - botella	uom	t
	8	GM - Gramos	uom	t
	9	LT - Litro	uom	t
	10	M3 - Metro cubico	uom	t
	11	MT - Metro	uom	t
	12	CM3 - Cm cubico	uom	t
	13	CM - Cm	uom	t
	14	ML - Mililitro	uom	t
	15	Tarjeta de Crédito	payment_method	t
	16	Tarjeta de Débito	payment_method	t
	17	Efectivo	payment_method	t
	18	Credito Fiscal	payment_method	t
	19	Criptomoneda	payment_method	t
\.


--
-- Name: cliente_id_seq; Type: SEQUENCE SET; Schema: acostarep; Owner: cristian
--

SELECT pg_catalog.setval('acostarep.cliente_id_seq', 1, false);


--
-- Name: productos_orden_id_seq; Type: SEQUENCE SET; Schema: acostarep; Owner: cristian
--

SELECT pg_catalog.setval('acostarep.productos_orden_id_seq', 1, false);


--
-- Name: types_id_seq; Type: SEQUENCE SET; Schema: acostarep; Owner: cristian
--

SELECT pg_catalog.setval('acostarep.types_id_seq', 19, true);


--
-- Name: categorias_id_seq; Type: SEQUENCE SET; Schema: public; Owner: cristian
--

SELECT pg_catalog.setval('public.categorias_id_seq', 89, true);


--
-- Name: marcas_id_seq; Type: SEQUENCE SET; Schema: public; Owner: cristian
--

SELECT pg_catalog.setval('public.marcas_id_seq', 14, true);


--
-- Name: ordenes_id_seq; Type: SEQUENCE SET; Schema: public; Owner: cristian
--

SELECT pg_catalog.setval('public.ordenes_id_seq', 1, false);


--
-- Name: productos_id_seq; Type: SEQUENCE SET; Schema: public; Owner: cristian
--

SELECT pg_catalog.setval('public.productos_id_seq', 783, true);


--
-- Name: categorias categorias_nombre_categoria_key; Type: CONSTRAINT; Schema: acostarep; Owner: cristian
--

ALTER TABLE ONLY acostarep.categorias
    ADD CONSTRAINT categorias_nombre_categoria_key UNIQUE (nombre_categoria);


--
-- Name: categorias categorias_pkey; Type: CONSTRAINT; Schema: acostarep; Owner: cristian
--

ALTER TABLE ONLY acostarep.categorias
    ADD CONSTRAINT categorias_pkey PRIMARY KEY (id);


--
-- Name: cliente cliente_pkey; Type: CONSTRAINT; Schema: acostarep; Owner: cristian
--

ALTER TABLE ONLY acostarep.cliente
    ADD CONSTRAINT cliente_pkey PRIMARY KEY (id);


--
-- Name: marcas marcas_nombre_marca_key; Type: CONSTRAINT; Schema: acostarep; Owner: cristian
--

ALTER TABLE ONLY acostarep.marcas
    ADD CONSTRAINT marcas_nombre_marca_key UNIQUE (nombre_marca);


--
-- Name: marcas marcas_pkey; Type: CONSTRAINT; Schema: acostarep; Owner: cristian
--

ALTER TABLE ONLY acostarep.marcas
    ADD CONSTRAINT marcas_pkey PRIMARY KEY (id);


--
-- Name: ordenes ordenes_pkey; Type: CONSTRAINT; Schema: acostarep; Owner: cristian
--

ALTER TABLE ONLY acostarep.ordenes
    ADD CONSTRAINT ordenes_pkey PRIMARY KEY (id);


--
-- Name: productos_orden productos_orden_pkey; Type: CONSTRAINT; Schema: acostarep; Owner: cristian
--

ALTER TABLE ONLY acostarep.productos_orden
    ADD CONSTRAINT productos_orden_pkey PRIMARY KEY (id);


--
-- Name: productos productos_pkey; Type: CONSTRAINT; Schema: acostarep; Owner: cristian
--

ALTER TABLE ONLY acostarep.productos
    ADD CONSTRAINT productos_pkey PRIMARY KEY (id);


--
-- Name: types types_pkey; Type: CONSTRAINT; Schema: acostarep; Owner: cristian
--

ALTER TABLE ONLY acostarep.types
    ADD CONSTRAINT types_pkey PRIMARY KEY (id);


--
-- Name: productos update_column_updated_at_trigger_productos; Type: TRIGGER; Schema: acostarep; Owner: cristian
--

CREATE TRIGGER update_column_updated_at_trigger_productos BEFORE UPDATE ON acostarep.productos FOR EACH ROW EXECUTE FUNCTION acostarep.set_current_timestamp_updated_at();


--
-- PostgreSQL database dump complete
--

